id,description,tags
999999,"Jerry Maguire (1996): chick flick, comedy, emotional, family, friendship, happy ending, heartwarming, hilarious, interesting, loneliness, quotable, relationships, romance, sexuality, soundtrack, tom cruise
What's Eating Gilbert Grape (1993): based on a book, bittersweet, coming of age, creepy, depressing, family, johnny depp, leonardo dicaprio, mental illness, predictable, quirky, whimsical
Signs (2002): acting, aliens, apocalypse, atmospheric, death, dialogue, horror, humorous, investigation, memory, murder, plot holes, reflective, religion, revenge, sci-fi, silly, stupid, surprise ending, suspense, suspenseful, tense, thriller
Spirit: Stallion of the Cimarron (2002): animation, beautiful, boring, great soundtrack, music, narrated, soundtrack, touching
Lion King, The (1994): animation, bittersweet, boring, classic, coming of age, disney, emotional, family, father-son relationship, friendship, fun, heartwarming, inspirational, music, musical, sentimental, soundtrack, visually stunning",acting|aliens|animation|atmospheric|based on a book|beautiful|bittersweet|boring|chick flick|classic|comedy|coming of age|creepy|death|depressing|disney|emotional|family|father-son relationship|friendship|fun|happy ending|heartwarming|horror|humorous|inspirational|interesting|johnny depp|leonardo dicaprio|loneliness|mental illness|murder|music|musical|quirky|quotable|reflective|relationships|religion|romance|sci-fi|sentimental|silly|soundtrack|stupid|suspenseful|tense|thriller|tom cruise|whimsical
10202,"Silence of the Lambs, The (1991): acting, adventure, anthony hopkins, atmospheric, based on a book, boring, classic, clever, creepy, crime, cult film, dark, death, detective, dialogue, disturbing, drama, excellent script, friendship, funny, gay, good acting, good dialogue, gore, gothic, great acting, great performances, homosexuality, horror, imdb top 250, insanity, intense, investigation, mental illness, murder, mystery, original plot, oscar (best picture), overrated, prison, psychological, psychological thriller, psychology, quotable, revenge, romance, sad, sequel, serial killer, slow, slow paced, soundtrack, strong female lead, suicide, surprise ending, suspense, suspenseful, tense, thriller, twists & turns, violence, violent
Shawshank Redemption, The (1994): acting, action, adventure, anti-hero, atmospheric, based on a book, beautiful, bittersweet, boring, cinematography, classic, clever, comedy, corruption, crime, cult classic, cult film, death, drama, dreams, emotional, epic, excellent script, existentialism, fantasy, feel good movie, feel-good, friendship, fun, genius, good acting, great acting, great ending, great performances, great soundtrack, gritty, happy ending, heartwarming, hilarious, horror, humor, imdb top 250, inspirational, intellectual, intelligent, intense, long, love, masterpiece, morgan freeman, murder, mystery, narrated, original plot, oscar (best picture), overrated, philosophical, philosophy, plot twist, powerful ending, prison, psychology, rape, reflective, religion, revenge, sad, sentimental, sexuality, slow, smart, social commentary, stephen king, suicide, surprise ending, survival, suspense, thought-provoking, thriller, tim burton, touching, true story, twist, twist ending, violence, visually stunning
Marvin's Room (1996): leonardo dicaprio, robert de niro
Flirting With Disaster (1996): drugs, ensemble cast, new york city, satire
Snatch (2000): absurd, acting, action, black comedy, brad pitt, british, clever, cliche, comedy, complicated, crime, cult film, dark comedy, dark humor, death, dialogue, england, ensemble cast, fun, funny, great dialogue, gritty, heist, hilarious, imdb top 250, intelligent, mafia, martial arts, multiple storylines, murder, narrated, nudity (topless), organized crime, quirky, quotable, soundtrack, stylish, stylized, suicide, surprise ending, twist ending, violence",anthony hopkins|atmospheric|based on a book|brad pitt|british|classic|clever|comedy|crime|dark|dark comedy|dark humor|disturbing|drama|excellent script|feel-good|friendship|good acting|great acting|great dialogue|great ending|great performances|heartwarming|hilarious|horror|imdb top 250|inspirational|investigation|mental illness|morgan freeman|multiple storylines|mystery|narrated|oscar (best picture)|powerful ending|prison|psychological|psychological thriller|psychology|quirky|reflective|revenge|serial killer|stephen king|strong female lead|suspense|tense|thought-provoking|thriller|twist ending
15875,"Twelve Monkeys (a.k.a. 12 Monkeys) (1995): adventure, alternate reality, atmospheric, bad acting, black comedy, boring, brad pitt, british, bruce willis, christmas, classic, clever, complicated, cult film, dark, dark comedy, death, depressing, drama, dystopia, future, great ending, imagination, imdb top 250, insanity, interesting, memory, mental illness, mindfuck, murder, mystery, original, overrated, paranoia, plot twist, post-apocalyptic, prison, psychology, remake, sci-fi, science, science fiction, stupid, surprise ending, surrealism, thriller, time loop, time travel, twist ending, violence
Fight Club (1999): acting, action, adventure, atmospheric, based on a book, black comedy, brad pitt, brutal, cerebral, classic, clever, coming of age, complicated, crime, cult classic, cult film, dark, dark comedy, dark humor, death, dialogue, disturbing, dystopia, edward norton, fun, funny, gore, great acting, gritty, imagination, imdb top 250, insanity, intelligent, intense, interesting, loneliness, long, mental illness, mindfuck, mystery, narrated, nonlinear, nudity (topless), original, original plot, overrated, paranoia, philosophical, philosophy, plot twist, powerful ending, psychological, psychological thriller, psychology, quirky, quotable, satire, satirical, silly, smart, social commentary, soundtrack, stupid, stylish, stylized, surprise ending, surreal, surrealism, thought-provoking, thriller, twist, twist ending, twists & turns, violence, violent, visually appealing, witty
The Butterfly Effect (2004): alternate reality, bittersweet, cult film, dark, death, drama, happy ending, high school, horror, insanity, intense, love, mathematics, memory, mindfuck, murder, mystery, nudity (full frontal), original plot, paranoia, plot holes, prison, psychological, psychology, rape, religion, revenge, romance, sad, sci-fi, science fiction, stupid, suicide, surprise ending, surreal, surrealism, suspense, tense, thought-provoking, time loop, time travel, twist ending, twists & turns, violence
Lucky Number Slevin (2006): assassin, boring, bruce willis, crime, dark comedy, film noir, great ending, humorous, mindfuck, morgan freeman, murder, nudity (topless), organized crime, revenge, slow paced, stylized, thriller, twist, twist ending, violence, violent
Memento (2000): black and white, boring, cerebral, christopher nolan, clever, complicated, confusing, cult film, dark, dark hero, death, depressing, detective, dreamlike, genius, great ending, gritty, imagination, imdb top 250, intelligent, interesting, investigation, memory, mental illness, mindfuck, murder, mystery, narrated, neo-noir, nonlinear, original, overrated, paranoia, plot holes, plot twist, psychological, psychological thriller, psychology, rape, revenge, smart, storytelling, stylized, surprise ending, surreal, suspense, tense, thriller, time loop, time travel, twist, twist ending, twists & turns, unique, violence",alternate reality|atmospheric|based on a book|brad pitt|bruce willis|cerebral|christopher nolan|complicated|cult film|dark|dark comedy|disturbing|dreamlike|dystopia|edward norton|great ending|imdb top 250|memory|mental illness|mindfuck|mystery|narrated|nonlinear|original|philosophical|philosophy|plot twist|post-apocalyptic|powerful ending|psychological|psychological thriller|psychology|quirky|revenge|satirical|sci-fi|social commentary|storytelling|stylized|surreal|suspense|tense|thought-provoking|time loop|time travel|twist|twist ending|twists & turns|violence|violent
158553,"Brazil (1985): absurd, alternate reality, assassin, atmospheric, black comedy, boring, british, car chase, cerebral, christmas, classic, cult film, cyberpunk, dark, dark comedy, dark humor, dreamlike, dreams, dystopia, fantasy, future, futuristic, great soundtrack, hallucinatory, humorous, imagination, imdb top 250, insanity, long, mindfuck, murder, neo-noir, original, paranoia, plot twist, quirky, robert de niro, sad, satire, satirical, sci-fi, slow, social commentary, stylized, surprise ending, surreal, surrealism, technology, thought-provoking, too long, twist ending, visually appealing, visually stunning, weird
American History X (1998): brutal, cinematography, clever, cliche, crime, cult film, death, disturbing, drama, edward norton, emotional, family, friendship, great acting, imdb top 250, murder, nazis, nudity (topless), politics, powerful ending, prison, racism, rape, social commentary, stylized, surprise ending, tense, thought-provoking, unrealistic, violence
Wag the Dog (1997): based on a book, black comedy, comedy, conspiracy, corruption, dialogue, fun, political, politics, rape, robert de niro, satire, unique, war
On the Waterfront (1954): black and white, corruption, crime, death, drama, great acting, imdb top 250, investigation, mafia, murder, new york city, organized crime, oscar (best picture), overrated, revenge, social commentary, suspense
Old Boy (2003): absurd, boring, brutal, cinematography, classic, dark, depressing, disturbing, great ending, great soundtrack, hallucinatory, imdb top 250, loneliness, music, neo-noir, nudity (full frontal), overrated, revenge, romance, serial killer, slow, slow paced, stylish, stylized, surreal, tense, too long, twist ending, unrealistic, violence, violent, visually appealing",absurd|atmospheric|black and white|black comedy|boring|brutal|cerebral|cinematography|classic|corruption|dark|dark comedy|depressing|disturbing|drama|dreamlike|dystopia|edward norton|emotional|futuristic|great acting|great soundtrack|hallucinatory|imdb top 250|music|nazis|nudity (full frontal)|nudity (topless)|overrated|politics|powerful ending|prison|quirky|racism|rape|revenge|robert de niro|satire|satirical|sci-fi|social commentary|stylized|surreal|tense|thought-provoking|twist ending|violence|violent|visually appealing|weird
116907,"Star Trek (2009): action, adventure, alternate reality, animation, bad science, clever, comedy, ensemble cast, father-son relationship, friendship, fun, funny, future, futuristic, great soundtrack, humor, imdb top 250, long, murder, plot twist, predictable, realistic, revenge, sci-fi, space, space travel, time travel, unrealistic, visually appealing
Star Wars: Episode VII - The Force Awakens (2015): absurd, action, adventure, aliens, assassin, boring, coming of age, death, ensemble cast, epic, fantasy, father-son relationship, feminism, fun, funny, futuristic, harrison ford, humor, martial arts, murder, music, philosophy, remake, revenge, robots, sad, sci-fi, science fiction, sequel, space, space travel, spy, star wars, strong female lead, surprise ending, survival, too long, violence, visually appealing
Wayne's World (1992): comedy, cult film, funny, hilarious, imagination, music, parody, quotable, satire, satirical, silly, soundtrack, teen, unique
Princess Bride, The (1987): 1980s, action, adventure, based on a book, boring, cheesy, classic, cliche, comedy, conspiracy, cult classic, cult film, dialogue, fairy tale, fantasy, fantasy world, feel-good, friendship, fun, funny, happy ending, hilarious, humorous, imdb top 250, intelligent, love, magic, murder, original, overrated, parody, prison, quirky, quotable, revenge, romance, romantic, slow paced, storytelling, whimsical, witty
Lord of the Rings: The Two Towers, The (2002): acting, action, adventure, atmospheric, based on a book, beautifully filmed, boring, classic, cult classic, cult film, dark, dark hero, death, dialogue, ensemble cast, epic, fantasy, fantasy world, friendship, good dialogue, gore, great soundtrack, imdb top 250, long, love, love story, magic, multiple storylines, mythology, original plot, overrated, sequel, slow, special effects, too long, violence, visually appealing, war",1980s|absurd|action|adventure|alternate reality|atmospheric|based on a book|classic|comedy|cult classic|cult film|ensemble cast|epic|fairy tale|fantasy|fantasy world|father-son relationship|feel-good|feminism|friendship|fun|funny|future|great soundtrack|happy ending|harrison ford|humorous|imdb top 250|love|magic|multiple storylines|music|mythology|plot twist|quirky|quotable|revenge|romance|sci-fi|space|space travel|star wars|strong female lead|teen|time travel|too long|visually appealing|war|whimsical|witty
159685,"Aviator, The (2004): bad acting, biography, cinematography, drama, epic, great acting, historical, intense, leonardo dicaprio, long, martin scorsese, mental illness, slow, true story
Green Mile, The (1999): acting, atmospheric, based on a book, black comedy, cinematography, crime, cult classic, cult film, death, drama, emotional, great acting, heartwarming, imdb top 250, insanity, intelligent, interesting, long, murder, mystery, overrated, predictable, prison, racism, rape, religion, revenge, sentimental, serial killer, sexuality, social commentary, stephen king, supernatural, surprise ending, surrealism, thought-provoking, tom hanks, too long, touching, visually stunning, whimsical
Heat (1995): action, al pacino, atmospheric, boring, crime, cult film, detective, dialogue, ensemble cast, great acting, great soundtrack, heist, imdb top 250, long, murder, music, natalie portman, neo-noir, overrated, philosophy, realistic, relationships, robert de niro, slow paced, suicide, suspense, tense, too long, violence, violent, witty
Prestige, The (2006): atmospheric, based on a book, batman, boring, cheesy, christian bale, christopher nolan, complicated, confusing, creepy, dark, depressing, disturbing, ensemble cast, fantasy, great ending, imdb top 250, love, magic, mindfuck, murder, mystery, nonlinear, philosophy, plot twist, predictable, prison, psychological, revenge, romance, scarlett johansson, sci-fi, science, science fiction, slow, storytelling, surprise ending, tense, thriller, too long, twist, twist ending, twists & turns
Departed, The (2006): action, atmospheric, boring, corruption, crime, ensemble cast, great acting, gritty, imdb top 250, jack nicholson, leonardo dicaprio, long, mafia, martin scorsese, matt damon, murder, mystery, organized crime, original, psychology, remake, sexuality, soundtrack, storytelling, suspense, tense, thriller, twist ending, unpredictable, violence",al pacino|atmospheric|based on a book|biography|christian bale|christopher nolan|complicated|corruption|crime|dark|dialogue|drama|emotional|ensemble cast|great acting|great ending|heartwarming|imdb top 250|jack nicholson|leonardo dicaprio|long|mafia|magic|martin scorsese|matt damon|mindfuck|mystery|nonlinear|organized crime|philosophy|prison|psychological|psychology|racism|remake|revenge|robert de niro|scarlett johansson|sci-fi|social commentary|stephen king|surprise ending|suspense|tense|thriller|tom hanks|touching|twist ending|twists & turns|violence
43386,"Ghost World (2001): bittersweet, black comedy, comic book, coming of age, dark comedy, depressing, friendship, funny, high school, interesting, love, quirky, reflective, scarlett johansson, stylized, surrealism
Dead Man (1995): atmospheric, beautiful, black and white, black comedy, boring, cult film, dark comedy, death, dreamlike, drugs, england, existentialism, great soundtrack, hallucinatory, imagination, johnny depp, melancholy, murder, quirky, racism, revenge, road trip, social commentary, surprise ending, surreal, visually appealing, western
Natural Born Killers (1994): brutal, controversial, crime, cult film, dark comedy, hallucinatory, love, mindfuck, prison, road trip, robert downey jr., romantic comedy, satire, satirical, serial killer, social commentary, stylized, violence, violent
King of Comedy, The (1983): 1980s, black comedy, boring, comedy, cult film, dark comedy, disturbing, martin scorsese, new york city, prison, psychology, quirky, robert de niro, satire, satirical, stylized
Double Indemnity (1944): atmospheric, based on a book, black and white, classic, crime, dialogue, drama, film noir, imdb top 250, murder, mystery, narrated, plot holes, stylized, suicide, suspense, thriller",atmospheric|based on a book|beautiful|bittersweet|black and white|black comedy|boring|brutal|classic|comic book|coming of age|controversial|crime|cult film|dark comedy|death|depressing|dreamlike|film noir|friendship|funny|great soundtrack|hallucinatory|high school|johnny depp|love|martin scorsese|melancholy|mindfuck|murder|new york city|prison|quirky|reflective|road trip|robert de niro|robert downey jr.|romantic comedy|satire|satirical|scarlett johansson|serial killer|social commentary|stylized|surreal|thriller|violence|violent|visually appealing|western
153690,"Logan (2017): action, anti-hero, assassin, car chase, comic book, conspiracy, corruption, cyberpunk, dark, dark hero, death, drama, dystopia, emotional, epic, existentialism, family, feminism, future, gore, gritty, intense, martial arts, marvel, murder, original, paranoia, political, revenge, road trip, sad, sequel, social commentary, superhero, surprise ending, survival, suspense, violence, violent, western
Léon: The Professional (a.k.a. The Professional) (Léon) (1994): action, assassin, beautiful, cinematography, corruption, creepy, crime, cult film, dark hero, disturbing, drama, drugs, emotional, friendship, great acting, gritty, humorous, imdb top 250, intense, loneliness, love, love story, murder, natalie portman, neo-noir, new york city, organized crime, predictable, quirky, revenge, slow, soundtrack, stylized, tense, thriller, touching, unique
Watchmen (2009): 1980s, alternate reality, atmospheric, boring, cinematography, comic book, confusing, conspiracy, dark, dark hero, dystopia, gore, great soundtrack, gritty, long, music, nudity (full frontal), nudity (topless), philosophical, political, prison, quotable, rape, sci-fi, slow, slow paced, social commentary, soundtrack, special effects, storytelling, stupid, stylized, superhero, suspense, too long, violence, visually appealing
Femme Nikita, La (Nikita) (1990): action, assassin, atmospheric, bittersweet, comedy, crime, cult film, drugs, murder, music, romance, slow paced, spy, stylish, stylized, tense
March of the Penguins (Marche de l'empereur, La) (2005): beautiful, beautifully filmed, disney, documentary, family, heartwarming, morgan freeman, survival",1980s|action|alternate reality|assassin|beautiful|cinematography|comic book|corruption|crime|dark|dark hero|disturbing|drama|dystopia|emotional|feminism|friendship|future|gore|great acting|great soundtrack|gritty|humorous|imdb top 250|loneliness|love story|marvel|music|natalie portman|nudity (topless)|organized crime|quirky|revenge|sci-fi|slow paced|social commentary|soundtrack|storytelling|stylish|stylized|superhero|survival|tense|too long|touching|unique|violence|violent|visually appealing|western
17035,"Departed, The (2006): action, atmospheric, boring, corruption, crime, ensemble cast, great acting, gritty, imdb top 250, jack nicholson, leonardo dicaprio, long, mafia, martin scorsese, matt damon, murder, mystery, organized crime, original, psychology, remake, sexuality, soundtrack, storytelling, suspense, tense, thriller, twist ending, unpredictable, violence
Rebecca (1940): atmospheric, based on a book, black and white, british, cinematography, classic, dark, dark comedy, death, drama, england, film noir, friendship, gothic, imdb top 250, investigation, love, murder, mystery, oscar (best picture), psychological thriller, romance, suicide, suspense, thriller
Wizard of Oz, The (1939): based on a book, black and white, cinematography, classic, dreamlike, fantasy, fun, heartwarming, imdb top 250, music, musical, original, war
Blood Simple (1984): apocalypse, assassin, black comedy, boring, coen brothers, cult film, dark, drama, murder, neo-noir, quirky, satirical, slow, surprise ending, violence, witty
Persona (1966): acting, artistic, atmospheric, cerebral, cinematography, confusing, dialogue driven, drama, dreamlike, dreams, emotional, existentialism, horror, long, mindfuck, psychological, psychology, slow paced, surreal, surrealism, violence",action|atmospheric|based on a book|black and white|cerebral|cinematography|classic|coen brothers|corruption|crime|dark|dark comedy|drama|dreamlike|england|ensemble cast|fantasy|gothic|great acting|gritty|heartwarming|imdb top 250|jack nicholson|leonardo dicaprio|long|mafia|martin scorsese|matt damon|mindfuck|murder|music|musical|mystery|neo-noir|organized crime|original|oscar (best picture)|psychological|psychological thriller|psychology|quirky|remake|surprise ending|surreal|suspense|tense|thriller|twist ending|violence|witty
107315,"Grand Illusion (La grande illusion) (1937): atmospheric, black and white, christmas, death, loneliness, love, military, murder, prison, religion, war
Yojimbo (1961): atmospheric, black and white, black comedy, cinematography, classic, cult film, dark comedy, drama, epic, family, friendship, imdb top 250, japan, martial arts, murder, soundtrack, tense, violence
Metropolis (1927): based on a book, black and white, classic, cult classic, dystopia, future, great acting, imdb top 250, masterpiece, music, sci-fi, science fiction, social commentary
Godfather, The (1972): acting, action, al pacino, assassin, atmospheric, based on a book, boring, christmas, cinematography, classic, corruption, crime, cult classic, cult film, dark, death, drama, drugs, ensemble cast, epic, family, father-son relationship, good acting, gore, great acting, great cinematography, great soundtrack, history, imdb top 250, intense, interesting, long, mafia, masterpiece, melancholy, murder, music, new york city, nudity (topless), organized crime, oscar (best picture), overrated, philosophical, politics, racism, relationships, revenge, robert de niro, soundtrack, storytelling, stylized, too long, violence
Hunchback of Notre Dame, The (1996): animation, based on a book, dark, disney, emotional, heartwarming, musical, paris, religion, sentimental, soundtrack",acting|action|al pacino|animation|atmospheric|based on a book|black and white|black comedy|boring|cinematography|classic|crime|cult classic|cult film|dark|disney|drama|dystopia|epic|family|future|great acting|great soundtrack|imdb top 250|japan|mafia|masterpiece|melancholy|murder|music|musical|new york city|nudity (topless)|organized crime|oscar (best picture)|overrated|paris|religion|revenge|robert de niro|sci-fi|science fiction|sentimental|social commentary|soundtrack|stylized|tense|too long|violence|war
