movieId,tag,score
5,comedy,5.2857799110812405
5,family,35.57303991965173
5,fantasy,6.144330127258017
5,heartwarming,18.57147295505114
5,humorous,18.38910161010128
5,remake,11.9850836016617
5,sentimental,49.85623012413059
5,sequel,13.04004026408087
5,touching,38.402486464572654
151,adventure,4.397382230225268
151,atmospheric,2.5623420293257664
151,biography,30.414214608439952
151,history,8.856409474951343
151,rape,25.536433133889147
151,tense,7.454951029934205
151,western,14.373547216984102
176,cult film,5.474231846654663
176,dreams,29.076999255967827
176,love,8.118408704748061
176,nudity (topless),7.421544119420788
176,satire,5.991859655527864
267,classic,19.62419366842894
267,comedy,19.153660177388414
267,cult film,10.963475350616571
267,funny,8.846050356834388
267,hilarious,69.37036345269944
267,martial arts,14.232697002920188
267,military,67.54379303701121
267,remake,17.334883420066237
267,violence,8.889798405815634
356,1980s,0.5589305446333893
356,acting,0.3988405656982355
356,action,0.11881072031327293
356,adventure,2.1316170806618597
356,bad acting,0.3207794719634532
356,based on a book,2.794434686370914
356,beautiful,0.6925879433928129
356,biography,3.7352951106410743
356,bittersweet,27.80525067577993
356,boring,2.5169159917770503
356,cheesy,0.3920229252300666
356,chick flick,0.3300873392986959
356,classic,15.226357858366097
356,comedy,5.587815151891081
356,coming of age,0.12343887617250726
356,cult classic,0.4703723328980329
356,cult film,0.5615706679148983
356,cute,0.4018093899334195
356,dark comedy,0.12674234089582598
356,drama,15.891833785099148
356,emotional,23.405321090271897
356,epic,11.310090581640987
356,excellent script,2.738140849922112
356,family,0.9156440277790849
356,fantasy,0.11377459585153744
356,feel good movie,16.247208115603435
356,feel-good,29.237621876539002
356,friendship,0.6921285497505864
356,fun,1.3347952495579454
356,funny,3.0052889999397987
356,good acting,16.307939917812657
356,good dialogue,0.9943144187436106
356,great acting,20.39849353431803
356,great performances,1.061736131330804
356,great soundtrack,7.81089231209567
356,happy ending,0.6509500136145415
356,heartwarming,26.57214584093814
356,historical,26.360991712771174
356,history,16.45530247587119
356,humor,2.098976138837667
356,humorous,0.6790419562077421
356,imdb top 250,1.5019485057745834
356,inspirational,38.64558861150816
356,intense,0.4346628598245047
356,interesting,1.092395545425519
356,long,2.8921964713992923
356,love,3.1230201072061123
356,love story,1.0186695584829155
356,masterpiece,4.956458519440094
356,mental illness,3.7919143708268357
356,military,1.9907974277380192
356,multiple storylines,0.4677245324146335
356,narrated,9.759605576888475
356,new york city,0.5134964919675765
356,original,0.5431595721083012
356,oscar (best picture),29.32897162322517
356,overrated,5.03745021952876
356,philosophical,0.43096051221843074
356,political,0.7742498782230024
356,psychological,0.464635140149021
356,psychology,13.340726208219225
356,quirky,6.427786257556297
356,quotable,22.21328677697992
356,racism,0.3229082758793965
356,realistic,0.4022791450608078
356,reflective,1.3882816319573592
356,romance,4.312167742753113
356,sad,4.031403635511657
356,satire,0.15363225743847003
356,sentimental,22.037434297178415
356,sexuality,8.938158161719972
356,silly,0.8659209676518537
356,slow,0.29243927899650424
356,smart,1.0627123390212934
356,social commentary,0.14023836841479348
356,soundtrack,0.7850174307466196
356,special effects,1.1254402756377697
356,steven spielberg,0.6460600949338945
356,storytelling,2.116982804760725
356,stupid,0.26022317863432654
356,surprise ending,0.3534022304899224
356,thought-provoking,0.18705277357236025
356,tom hanks,112.36009029073531
356,too long,0.9457919546041343
356,touching,33.07225053259331
356,unpredictable,1.1710620795208475
356,war,5.887977084014164
356,whimsical,7.312571701888598
356,witty,0.5459200951302668
427,bad acting,15.046305102360595
427,horror,5.56018538166032
427,nudity (topless),4.449622512693721
427,suspense,6.316148562840354
427,thriller,5.704076469973487
428,al pacino,37.32261188665467
428,coming of age,15.32818690047424
428,father-son relationship,76.84154159709863
428,mafia,118.99461801950821
428,new york city,3.531693629306488
428,organized crime,60.48082596714793
428,robert de niro,122.74770329688423
428,violence,2.349340825412312
434,action,2.7780570232784627
434,clint eastwood,20.976638295516484
434,heist,22.74674724286578
434,organized crime,9.66953836674222
434,thriller,5.704076469973487
502,coming of age,6.667098108720759
502,high school,16.872509219189446
502,martial arts,80.12174923431243
502,revenge,13.786988603872219
502,romance,4.559602515736805
502,teen,22.625171825361925
596,animation,20.504467187834955
596,classic,15.059996128275106
596,cute,34.64397315242775
596,disney,40.73124377185716
596,disturbing,2.78724462779587
596,fairy tale,40.967177424808405
596,fantasy,9.749782277199946
596,fun,15.267499025276122
596,magic,3.383805649594423
596,music,7.525753976455794
596,musical,2.473678258510577
596,pixar,18.558491597289933
596,weird,8.028717899627585
610,drugs,4.658626366127382
610,fantasy,3.470563229136684
610,gore,7.941194115088416
610,inspirational,7.844717879536718
610,nudity (full frontal),8.136556355258465
610,nudity (topless),11.628530825514366
610,sci-fi,21.040301121802347
610,surreal,24.187402434132668
783,animation,14.437093103829854
783,based on a book,1.3230934500751095
783,dark,3.366256090849288
783,disney,42.900925202116504
783,emotional,5.318572799441583
783,heartwarming,6.505510387090331
783,musical,22.03605576324208
783,paris,113.06752697402598
783,religion,10.066764930329139
783,sentimental,106.57502271408688
783,soundtrack,9.937960564631204
1007,acting,71.13333293470966
1007,dialogue,64.60586429648696
1007,disney,41.76016107989106
1007,funny,9.95455985734721
1007,silly,51.221192613352144
1241,absurd,49.771971674058506
1241,black comedy,18.65198662773023
1241,cult classic,107.72872369357701
1241,cult film,33.07180771703533
1241,dark comedy,1.3465679990354917
1241,disturbing,1.7310130291656767
1241,funny,4.217101096116304
1241,gore,50.34016623825047
1241,hilarious,15.557401218922502
1241,horror,6.319590968085241
1241,murder,1.3132545570597032
1241,zombies,87.46865931211815
1270,1980s,40.717483219357625
1270,action,0.150337494017457
1270,adventure,25.534180255871313
1270,alternate reality,44.86557866932695
1270,atmospheric,0.18489669937751038
1270,based on a book,1.2370896546980414
1270,classic,24.89940855525425
1270,clever,2.3961027887923967
1270,comedy,11.428688364128703
1270,cult classic,1.1905790494381072
1270,cult film,0.35527141508131627
1270,fantasy,0.8639453761977959
1270,father-son relationship,3.087032741871669
1270,fun,3.379674706024025
1270,funny,5.168754376142332
1270,future,40.80775428264773
1270,futuristic,46.7507050786966
1270,happy ending,3.2968801907658447
1270,high school,11.069886320515216
1270,humor,3.5425108496572997
1270,humorous,3.4392562535544964
1270,imdb top 250,18.129620370342987
1270,love story,1.2890535050201681
1270,original,1.374852190049482
1270,overrated,1.0612951460270341
1270,plot twist,0.7991196541021728
1270,powerful ending,3.8522141529100664
1270,quirky,13.160585329582752
1270,quotable,19.44559082053563
1270,romance,0.4275353065972229
1270,sci-fi,13.601601777028602
1270,science fiction,2.103571600934265
1270,sequel,0.6100909403552097
1270,soundtrack,1.3246004194046215
1270,steven spielberg,56.36374326327256
1270,surprise ending,0.8944710750587949
1270,teen,26.57183668104266
1270,thriller,0.3084687372897574
1270,time loop,83.93785845203945
1270,time travel,56.948612138707375
1270,twist ending,0.34814445397188654
1270,whimsical,35.84160672135862
1270,witty,0.6908011784511022
1284,atmospheric,0.9851276271758029
1284,based on a book,1.8831274174094603
1284,black and white,7.08505992384426
1284,classic,6.771258401423649
1284,crime,2.974892186974834
1284,detective,5.046628228513617
1284,dialogue,4.896641103051653
1284,film noir,43.33124120593403
1284,imdb top 250,25.460891258259956
1284,murder,1.666970512443419
1284,mystery,5.465945510683345
1284,neo-noir,6.267328055512541
1284,suspense,1.8199201453185898
1284,thriller,1.6437379922545237
1562,action,6.05394813024244
1562,artificial intelligence,3.780240412423596
1562,atmospheric,1.6527480248340396
1562,bad acting,7.2663558237285315
1562,bad science,6.632438339581359
1562,batman,236.80761002391856
1562,black comedy,1.6476069662728896
1562,car chase,3.655784297752896
1562,cheesy,58.45783668990364
1562,comic book,30.433885351167714
1562,death,2.3879037995081345
1562,funny,7.7024254679324216
1562,george clooney,146.80332812206552
1562,heist,3.6514061823942283
1562,martial arts,2.059768401952315
1562,murder,1.3980102843185163
1562,quotable,9.62951192739851
1562,revenge,1.4409619352741858
1562,sequel,1.363121098030851
1562,silly,52.89534978038432
1562,soundtrack,5.924779925254373
1562,superhero,23.891989064132716
1562,surprise ending,3.9993687889311724
1562,violence,1.2880063823547967
1688,adventure,2.585524450305904
1688,animation,38.38288055709358
1688,classic,5.175958466683061
1688,cute,8.300730109515
1688,funny,2.3377981412586646
1688,great soundtrack,3.8305286122923485
1688,love,4.293877914950267
1688,magic,8.170706065127902
1688,music,21.247948843924288
1688,musical,5.971145711360489
1688,romantic,54.41471724462673
1688,soundtrack,10.817211970408577
1688,strong female lead,27.974989790220526
1688,witty,11.285819804790671
1907,animation,18.631737785110154
1907,based on a true story,0.886292540369372
1907,coming of age,2.111553185127539
1907,cult film,0.8001718061964058
1907,cute,2.2910688754848905
1907,disney,34.568729766396295
1907,epic,2.7965847009036766
1907,family,8.215353715372746
1907,feminism,72.77767243847305
1907,friendship,2.6309884299650115
1907,funny,2.2617291764102503
1907,great soundtrack,29.840363164582598
1907,heartwarming,1.9547182446794311
1907,magic,1.127299138293532
1907,martial arts,1.0379920305436996
1907,military,9.743930119897355
1907,musical,24.875302206964005
1907,soundtrack,8.966229031354256
1907,strong female lead,116.57064882113603
1907,violence,0.6491352760109492
1907,war,2.579150080472384
1907,witty,28.195334425737023
1960,acting,5.956933725602301
1960,based on a true story,23.32461178989097
1960,biography,25.855143810913635
1960,boring,2.5026266782745794
1960,cinematography,19.414097495724405
1960,epic,44.36862035283851
1960,historical,5.146035942420471
1960,history,7.534883820202725
1960,japan,5.3354306664305335
1960,long,28.94513342448676
1960,murder,1.8443896116697587
1960,music,2.1854222240790095
1960,oscar (best picture),63.94174570938619
1960,prison,4.180064237561202
1960,slow,4.366144703744605
1960,suicide,5.185441361816351
1960,too long,7.063984235416173
1960,true story,4.337578843940266
1960,visually stunning,5.746757262884009
1960,war,6.756738973777211
1960,world war ii,6.079571354868112
1963,absurd,31.443032373059054
1963,black comedy,15.771130605302874
1963,dark comedy,6.8458224908731555
1963,funny,6.120022161902076
1963,mockumentary,91.95243002407746
1963,narrated,40.795644197214386
1963,prison,45.809204317728934
1963,satire,16.636956200286722
1966,cerebral,36.979201085945576
1966,christmas,9.09285241397054
1966,dialogue driven,147.0827156992183
1966,drama,6.222474297111086
1966,intelligent,67.95342300916806
1966,new york city,38.2482169051492
1966,philosophy,20.61584609952161
1966,quotable,31.594841411642573
1966,witty,10.094839153538775
1981,cheesy,69.896268199788
1981,funny,3.3126878115271836
1981,high school,9.121632077742714
1981,new york city,10.022697067644227
1981,serial killer,11.09038537989648
1994,1980s,4.084956454072174
1994,classic,1.8316205029880825
1994,creepy,17.895714784467177
1994,family,5.737861412542204
1994,fun,6.506259687100077
1994,horror,10.43804964280353
1994,love,3.0405444001413775
1994,steven spielberg,9.455957056783872
1994,supernatural,7.618947267909988
1994,suspense,15.827879375173035
1994,thriller,3.563141425127664
2004,christmas,8.637227589223306
2004,cult film,4.926134154723798
2004,new york city,12.033269788718124
2004,satire,5.391865603382358
2004,satirical,15.734161392449455
2004,sequel,12.71300262624996
2004,social commentary,4.921232616538952
2004,steven spielberg,45.80023045258553
2004,surprise ending,12.424142878362872
2022,based on a book,3.0138556148496995
2022,controversial,18.669261119689292
2022,epic,5.295303888201519
2022,long,10.416629182620326
2022,love,2.244878579535279
2022,martin scorsese,56.48250739820725
2022,memory,7.4320719028681275
2022,murder,1.3334652119963681
2022,nudity (topless),3.079453334979048
2022,religion,14.341058199899223
2022,slow,3.1561040003850014
2022,soundtrack,2.823475608348973
2022,storytelling,11.44203423517743
2022,surrealism,8.522840961358678
2022,violence,3.687891497517479
2034,acting,35.25305128054846
2034,bad science,132.54382698671384
2034,dialogue,32.04402371308577
2034,disney,25.998266153075644
2034,robots,95.37673835469072
2034,silly,51.221192613352144
2034,space,42.435452874191306
2034,space travel,81.1435005726705
2080,animation,21.40399772458693
2080,christmas,3.4504184919484984
2080,classic,7.042585847721607
2080,disney,41.76016107989106
2080,drama,2.3622607316153093
2080,family,1.8343254890069614
2080,romance,7.117525629689359
2080,romantic,7.314388298492593
2163,bad acting,25.140251357406658
2163,based on a book,5.44499027744487
2163,cult film,21.987245003038737
2163,funny,4.418137351316999
2163,musical,22.651636495736035
2163,parody,46.73989237800538
2163,sci-fi,5.355982214131494
2278,action,1.5720110773995077
2278,boring,2.2191531913880684
2278,car chase,91.78601928592161
2278,crime,38.27871756805482
2278,intelligent,85.633052432622
2278,mafia,11.437210845814732
2278,organized crime,27.48829449159922
2278,paris,5.913580052207777
2278,robert de niro,91.16364423996126
2278,thriller,3.2267247098327174
2278,violence,1.5068068799705654
2420,1980s,2.0414353087844375
2420,classic,13.778183442587691
2420,comedy,0.7149654401466432
2420,coming of age,3.608586692158972
2420,feel-good,3.6575772245377123
2420,inspirational,13.173747542787666
2420,martial arts,33.51822434472013
2420,violence,0.8317425540430703
2450,1980s,18.742479963929355
2450,action,5.957710518201651
2450,aliens,13.794476149629627
2450,alternate reality,21.39500740370059
2450,apocalypse,16.173272614943247
2450,cheesy,13.12778070080956
2450,comic book,8.937295154868284
2450,cult classic,15.7615228177263
2450,cult film,23.567020236549805
2450,fun,14.902632145259886
2450,funny,3.7863771188886246
2450,martial arts,6.08734404914631
2450,marvel,19.762164144063526
2450,sci-fi,6.888899652572988
2450,silly,9.656268812874156
2450,superhero,4.680086936347264
2580,black comedy,40.52104003050147
2580,car chase,8.103949139304005
2580,christmas,9.255600679898322
2580,comedy,6.136584163476057
2580,crime,2.762253075122175
2580,cult film,1.757941168202898
2580,dark comedy,3.175504663242236
2580,drugs,40.54085584382617
2580,ensemble cast,4.322309571616593
2580,funny,0.7093998318715625
2580,humorous,12.788838713652998
2580,multiple storylines,120.61683596462909
2580,nonlinear,26.38408752484015
2580,nudity (topless),7.156014550465329
2580,revenge,3.192098461809887
2580,storytelling,26.662699483190238
2696,classic,5.499900894278086
2696,clever,84.67138347228315
2696,comedy,17.23003957428567
2696,dialogue driven,28.275762371429813
2696,epic,21.59978607357954
2696,funny,19.958814866588156
2696,good acting,28.667659108894384
2696,good dialogue,44.032237921217124
2696,hilarious,12.826121714395738
2696,paris,59.55348486219328
2696,witty,11.993299510216671
2762,acting,13.910680126825229
2762,atmospheric,7.9164293490848445
2762,boring,0.6477626272881989
2762,bruce willis,54.54111603521745
2762,classic,0.24210150392739738
2762,clever,2.7428843318197034
2762,conspiracy,0.5239567429933546
2762,creepy,6.29210147643335
2762,cult classic,0.9084493968978732
2762,cult film,0.2710967223524658
2762,death,10.625972057924985
2762,drama,2.6031989073584683
2762,excellent script,156.49113763300775
2762,great ending,212.6369554806825
2762,horror,9.89035388648265
2762,imdb top 250,4.353787797987295
2762,interesting,2.110094083000035
2762,mindfuck,49.79900154925221
2762,murder,0.23870940157270756
2762,mystery,7.8346372910099955
2762,nonlinear,1.0111525509215966
2762,plot twist,27.006896098855464
2762,predictable,0.8087803194260725
2762,psychological,36.668493367681826
2762,psychological thriller,9.835476995762242
2762,psychology,39.45932756165006
2762,smart,8.223639843372224
2762,stylized,7.248424684502469
2762,supernatural,4.530092468765833
2762,surprise ending,22.64693217161777
2762,suspense,18.587638092023543
2762,thriller,8.491310243440505
2762,touching,22.603557870788148
2762,twist,1.9096465204747504
2762,twist ending,51.66209751876278
2762,unique,54.67296221123769
2762,unpredictable,142.8365162999375
2762,unrealistic,0.9366359053867077
2791,absurd,184.17171495704216
2791,classic,22.60741586591654
2791,clever,2.5726735193669295
2791,comedy,10.4004429710214
2791,dark comedy,3.446517558911873
2791,fun,2.418462549523995
2791,funny,8.949141652145792
2791,genius,4.7366428305928805
2791,hilarious,23.92860665404888
2791,original,2.953367195377365
2791,parody,52.24578637615827
2791,quotable,60.93604299744226
2791,romance,0.9181535758660553
2791,silly,26.83772897889075
2791,war,2.459115825548318
2966,acting,5.2816729741654855
2966,based on a true story,8.242605550629033
2966,biography,3.800412889484171
2966,boring,8.891418733730557
2966,disney,1.5601736703339202
2966,family,10.405223240717698
2966,imdb top 250,4.970655835676372
2966,inspirational,20.490349482759644
2966,road trip,79.55596494487013
2966,slow,27.258067728647408
3066,history,22.214839488377375
3066,japan,31.550919421733706
3066,military,12.492973935236888
3066,war,9.931828376568543
3066,world war ii,81.8858116026383
3074,atmospheric,25.77207759652872
3074,based on a book,6.1266570707605315
3074,gritty,64.5701187076758
3074,revenge,5.58951941227902
3074,survival,19.905604249121208
3100,beautifully filmed,34.83949755633497
3100,brad pitt,114.80938777692124
3100,cinematography,29.102919165743522
3100,classic,3.998427789641694
3100,coming of age,3.936963072799375
3100,father-son relationship,12.988244636128705
3100,religion,8.4618444750183
3152,bittersweet,13.874308702578265
3152,black and white,14.765184069067095
3152,christmas,6.906797800017388
3152,coming of age,31.394681991167353
3152,death,5.9272409045193495
3152,friendship,3.2366056534407828
3152,gay,9.669370313526667
3152,high school,8.75596770793049
3152,love,5.8419327028248045
3152,nudity (topless),5.340735822553645
3152,reflective,39.29638956786193
3152,sexuality,19.32891352207964
3152,twist ending,3.860829442877776
3201,classic,4.398710486721138
3201,clever,16.6521436202976
3201,cult film,4.926134154723798
3201,existentialism,23.759973898512527
3201,friendship,4.046576049474741
3201,intellectual,37.46946824079036
3201,jack nicholson,131.5238328072662
3201,love,7.305084451051735
3201,melancholy,24.809658787510152
3201,nudity (topless),6.678150033013824
3201,road trip,10.362288107317113
3386,boring,4.526267434854042
3386,conspiracy,14.68228937185081
3386,controversial,31.212603156553175
3386,death,2.847443127378622
3386,dialogue,4.896641103051653
3386,drama,2.271352932207553
3386,ensemble cast,4.655182061809893
3386,great acting,3.299002773496915
3386,historical,23.361948619379895
3386,history,20.497244704916294
3386,investigation,10.865353638855957
3386,long,6.504038484533883
3386,overrated,5.659938666494817
3386,politics,37.628003517124625
3386,thriller,1.6437379922545237
3386,true story,1.9590870475169964
3420,al pacino,180.34532057522708
3420,comedy,2.0193844763461297
3420,corruption,10.526603707792031
3420,crime,9.113631943022972
3420,drama,20.940275885152104
3420,satire,6.344881350807643
3420,suspense,5.572036631421781
3528,based on a book,8.173050971829971
3528,gay,40.59998803143252
3528,intense,51.4307998713634
3528,memory,82.01328644605377
3528,mental illness,29.726204984815684
3528,new york city,20.09577278535544
3528,rape,42.74272903370873
3668,beautiful,31.91051053924698
3668,drama,5.138913864751923
3668,love,6.350733788265312
3668,realistic,12.297243646923596
3668,romance,10.323511612193558
3745,aliens,3.852881808620713
3745,animation,30.647458136269016
3745,apocalypse,13.576761376223539
3745,cliche,15.788628488307662
3745,cult film,3.9399364055551835
3745,dystopia,3.4581480811093424
3745,father-son relationship,11.425201253513192
3745,future,15.493654143523623
3745,futuristic,16.0646233602239
3745,love,5.8419327028248045
3745,matt damon,15.759309470211862
3745,murder,3.468860718811886
3745,plot holes,15.105685431937884
3745,post-apocalyptic,55.411246092415126
3745,prison,7.865757847232644
3745,sci-fi,15.464176401780383
3745,space,65.55380400728457
3745,space travel,158.7599409011775
3745,violence,3.195779578377578
3831,british,17.595715675805252
3831,british comedy,147.42736799784097
3831,comedy,2.64114401932256
3831,drugs,24.851296210086
3831,england,35.564082318743225
4155,cliche,61.41579770080253
4155,drama,36.65400628747522
4155,keanu reeves,197.70113279374465
4155,love,45.38172688463431
4155,quirky,6.665896588759228
4155,sad,111.61474512582883
4155,twist ending,29.89187009119272
4167,death,29.813001764764454
4167,detective,53.115172134401746
4167,humorous,48.166134195623656
4167,new york city,24.13919426404494
4167,nudity (topless),40.406368672677
4167,prison,39.64074975487719
4167,revenge,36.04505089268244
4167,suspense,19.00850599257647
4167,violence,48.479216047015164
4255,absurd,202.93130102610627
4255,boring,11.226662805956517
4255,funny,5.682256419414743
4255,surreal,18.89723028164146
4255,surrealism,53.350766718436695
4255,weird,63.56976576516579
4255,witty,27.51939606602519
4329,atmospheric,2.440251267377781
4329,humorous,11.363817669560614
4329,murder,8.269100074166664
4329,quirky,12.397239391080337
4329,tense,7.099322985877861
4329,western,41.343317627901705
4427,anthony hopkins,86.76892836333312
4427,christmas,13.837500757561056
4427,england,9.186191948117713
4427,father-son relationship,11.425201253513192
4427,gay,9.669370313526667
4427,great acting,6.8680464093150695
4427,great dialogue,37.07320646550836
4427,great performances,60.42603931544938
4427,historical,19.41807866547621
4427,history,28.479303119738557
4427,intelligent,51.43478639159678
4427,witty,7.667431344314781
4678,cult film,10.384951488535174
4678,fun,33.0919802572906
4678,funny,2.091585385586648
4678,parody,14.642838228140377
4678,quirky,22.896809241478735
4678,satire,17.076640872984896
4678,weird,17.36550750918363
4878,1980s,5.592922757805909
4878,anti-hero,0.8284668313685003
4878,atmospheric,9.409592243664243
4878,beautiful,0.49437890287634007
4878,bittersweet,1.40847229781084
4878,boring,3.5943651738860924
4878,cerebral,67.76865303646613
4878,coming of age,2.821639066352839
4878,complicated,67.99978870889
4878,confusing,37.53104681660157
4878,creepy,0.5806453776277382
4878,cult classic,20.24613848077567
4878,cult film,16.703548273142253
4878,dark,9.399905477032528
4878,dark hero,1.2821770890740893
4878,death,0.3013702957599991
4878,dreamlike,55.47247471086928
4878,dreams,10.610712503004576
4878,emotional,0.8006725523442674
4878,funny,1.213790273050864
4878,good dialogue,9.959346081973312
4878,gothic,0.6289242372725047
4878,great soundtrack,9.828977653402568
4878,hallucinatory,72.24557837879165
4878,high school,10.034222213427457
4878,horror,0.16963438684032014
4878,imdb top 250,3.7546907060869232
4878,insanity,3.0499453595313075
4878,intelligent,0.6465082473095256
4878,interesting,1.5597938441248935
4878,investigation,0.5738777363405094
4878,mental illness,41.164157699191804
4878,mindfuck,44.896271536597354
4878,murder,0.1764769125095455
4878,music,2.7199010022032284
4878,mystery,13.922421537573753
4878,original,93.63562945416176
4878,overrated,0.5986654717809851
4878,philosophy,65.337833623274
4878,plot holes,14.611644119985717
4878,plot twist,1.3526687551486192
4878,politics,0.26320978001491685
4878,psychological,17.98919038873798
4878,psychological thriller,1.4512461388843276
4878,psychology,42.54106016661094
4878,quirky,13.613316202408368
4878,racism,0.46103161104829465
4878,religion,0.37838081394685796
4878,revenge,0.1818971791410403
4878,romance,0.12058878680564594
4878,satire,0.8775210711676541
4878,satirical,26.34648738043841
4878,sci-fi,6.874845180871981
4878,science fiction,0.5931459388240463
4878,social commentary,11.646069720308624
4878,soundtrack,2.616323593497839
4878,stylized,10.726938123276257
4878,suicide,0.49578459384088464
4878,superhero,0.7998904382912111
4878,surreal,33.09239141903319
4878,surrealism,0.5630183832570513
4878,teen,17.950218291148467
4878,thought-provoking,45.64543411066792
4878,time loop,2.5783391716573267
4878,time travel,40.76663974222742
4878,twist ending,19.339344312420856
4878,weird,54.940133783218535
5014,acting,6.830169413012566
5014,bittersweet,4.219792800266913
5014,feel-good,52.005323464997616
5014,mental illness,39.24410598585014
5014,psychology,33.22091480581102
5014,soundtrack,4.478093053953084
5014,thought-provoking,16.054191558757964
5014,touching,30.38049660557076
5014,unrealistic,25.027838294135663
5027,action,10.437658842671873
5027,comedy,8.596495779828349
5027,crime,39.02203165858987
5027,investigation,71.69646979929914
5027,nudity (topless),16.73731140446112
5027,prison,152.81969246194978
5222,cute,38.777972789180346
5222,gay,10.991545850407334
5222,new york city,16.426983276086435
5222,predictable,8.91461744852316
5222,relationships,61.53141883998387
5222,sexuality,89.39094957685194
5388,al pacino,210.70512769604272
5388,atmospheric,14.576328875960293
5388,christopher nolan,397.0565950141334
5388,corruption,32.224643554665455
5388,dark,5.58001717733705
5388,detective,71.67562771456679
5388,love,2.1778307755837507
5388,murder,14.276315799405664
5388,neo-noir,4.862488375835578
5388,psychological,44.23088547543033
5388,psychology,28.427057927644416
5388,remake,13.959654433770693
5388,robin williams,135.52261526576808
5388,soundtrack,2.7391350099671863
5388,thought-provoking,33.54787388359073
5810,based on a true story,21.91746300171811
5810,cliche,21.560910438467893
5810,emotional,3.5763919073957737
5810,friendship,1.470535034795535
5810,gay,4.389377812776656
5810,gritty,6.171339038372138
5810,music,20.63773081400505
5810,racism,4.119520737750508
5810,true story,9.27808450618602
5954,crime,11.744960695983966
5954,dark,1.886445650777185
5954,depressing,52.81056981896694
5954,drugs,16.281749910461222
5954,edward norton,320.24229843784445
5954,friendship,7.363508888634771
5954,homosexuality,6.361058540444814
5954,japan,3.79801422687223
5954,melancholy,7.48570232656477
5954,new york city,14.59509976217672
5954,powerful ending,390.00975995143637
5954,prison,2.9758167251309
5954,psychology,24.712412333040444
5954,surrealism,4.192317257607569
6440,apocalypse,4.6392168468776065
6440,black comedy,1.399250532141726
6440,cinematography,1.2442955240182851
6440,coen brothers,246.50894784817237
6440,cult film,1.3484195342500662
6440,dark comedy,1.2174057218074423
6440,disturbing,22.02150716345432
6440,hallucinatory,153.8271769827994
6440,murder,1.1872886408159664
6440,neo-noir,4.462385718508105
6440,new york city,4.93642752813597
6440,quirky,23.843385757162448
6440,satire,1.475778444351425
6440,serial killer,1.8188609543839835
6440,stylized,14.443313519575115
6440,surprise ending,3.396212243681347
6440,surreal,10.850599564622874
6440,surrealism,3.7899331512170766
6440,twist,48.026987819346694
6440,weird,22.628569257330582
6541,alternate reality,4.474036991719546
6541,comic book,37.8070893686129
6541,cult film,1.9689980018133837
6541,england,4.587825258270101
6541,gothic,81.92072617995106
6541,martial arts,2.554428668233128
6541,murder,1.7336782473035006
6541,nazis,8.726231518308648
6541,suicide,4.873935587853362
6541,superhero,11.814841495230922
6541,supernatural,3.653474246783869
6541,surprise ending,4.96040820383248
6541,too long,6.639441315726628
6541,vampires,49.26917446327242
6541,violence,1.5972514120697012
6650,based on a book,5.25027096418486
6650,black and white,19.79960960764519
6650,black comedy,10.970328824825287
6650,british comedy,44.4992624829922
6650,cliche,14.091027508498001
6650,comedy,1.2258116208533036
6650,dark comedy,3.175504663242236
6650,drama,4.220281990917038
6650,england,16.433582285219483
6650,family,3.2767624841823326
6650,friendship,2.8895758397851514
6650,humorous,25.659758094565312
6650,imdb top 250,18.88288250803965
6650,murder,9.305143322598921
6650,narrated,18.83785886417421
6650,plot twist,7.919653786307629
6650,prison,14.067742529282873
6650,revenge,3.192098461809887
6650,satire,7.707119777221128
6650,satirical,11.22606377605074
6650,serial killer,28.642991977882453
6650,storytelling,26.662699483190238
6650,suicide,8.711801085126806
6650,witty,34.45854212283515
6755,comedy,5.052289047570932
6755,cult classic,9.720405964198534
6755,cult film,5.796712373247444
6755,death,4.356555683806919
6755,funny,1.1685574183831278
6755,great soundtrack,3.8305286122923485
6755,hilarious,24.211824511883705
6755,horror,2.45111800458105
6755,martial arts,3.7576425628844135
6755,mental illness,26.206080956223555
6755,quirky,23.03227228019255
6867,cute,12.10684054687076
6867,friendship,19.731831171077964
6867,loneliness,125.83793471838761
6867,melancholy,64.42450275943554
6867,quirky,27.375792870803952
6867,satirical,31.592655938313
6867,slow paced,15.830706912327697
6867,touching,3.53514174217619
6953,boring,1.1641990218109044
6953,crime,1.5310749477244483
6953,death,22.095951852717352
6953,depressing,13.670573521416838
6953,drama,5.852281261342039
6953,intense,3.0187681698818665
6953,melancholy,24.562509462077177
6953,multiple storylines,69.34635686411279
6953,murder,1.7165057464456621
6953,nonlinear,115.89486673431017
6953,nudity (topless),1.98128245447965
6953,psychological,50.61197568933171
6953,realistic,16.82112846997285
6953,religion,22.193897754433127
6953,remake,3.0784162860745505
6953,revenge,1.7692469946365155
6953,slow,2.030584678647898
6953,storytelling,7.356181378425258
6953,thriller,0.846112177593444
6953,violent,3.2581519015154434
7460,atmospheric,11.55646225134546
7460,bill murray,116.35037939986216
7460,black and white,84.49744300084294
7460,boring,2.940908507882031
7460,dialogue,51.51818932870676
7460,dialogue driven,91.91254819735944
7460,good dialogue,17.49727075793378
7460,surreal,13.872088525738357
8607,anime,130.9831347948726
8607,black comedy,2.7616238939808246
8607,car chase,6.1296959949502146
8607,christmas,28.149048011408528
8607,comedy,0.9275720483717371
8607,dark comedy,2.4026204198779317
8607,drama,3.192907078384075
8607,family,4.961512481375321
8607,funny,1.0737840721754492
8607,japan,20.40887252647113
8607,multiple storylines,8.880127443391508
8607,overrated,7.959076344042594
8607,social commentary,2.6586221296694412
8607,surrealism,7.484338757783886
8633,1980s,61.19256508931138
8633,aliens,22.330799284173356
8633,bad acting,17.37117907240519
8633,cheesy,42.72579317749461
8633,space,52.35649293728333
8947,atmospheric,1.707863159657704
8947,horror,19.528546747360483
8947,japan,85.25715481855623
8947,nonlinear,24.61431916940175
8947,remake,47.15174123556247
8947,suicide,8.12983333076346
27721,based on a book,1.1125427356278457
27721,boring,2.67337441437909
27721,confusing,32.17356595405011
27721,depressing,7.833630565435056
27721,paris,7.125331742913828
27721,romance,12.147382205261273
27721,slow paced,12.582416897395586
27721,war,3.6058735953024503
30707,bittersweet,32.22606889041619
30707,cheesy,1.588961478323685
30707,clint eastwood,115.41432324294072
30707,dark,15.16354067573405
30707,dark hero,3.641157750430777
30707,death,0.8554527237593348
30707,depressing,21.993522396317637
30707,drama,25.40668879621819
30707,emotional,21.700908641834353
30707,england,1.3248801220756907
30707,friendship,0.934897051522415
30707,good acting,5.271878662574711
30707,great acting,3.9670933490073024
30707,gritty,33.58209367924329
30707,imdb top 250,9.146343501368285
30707,inspirational,12.529910181410402
30707,intense,3.5252506519780527
30707,morgan freeman,102.17859259610177
30707,murder,0.5009086431402037
30707,mythology,2.7279266839725405
30707,narrated,46.04327626985552
30707,oscar (best picture),31.01515523732126
30707,overrated,5.103049815220316
30707,philosophical,1.746836651453894
30707,predictable,0.5656443260661901
30707,road trip,1.1952126799321814
30707,sad,8.17612926369052
30707,slow,1.185235317340741
30707,slow paced,3.1926599332253627
30707,social commentary,13.112134068154036
30707,strong female lead,21.95903733136301
30707,suicide,12.70266221016377
30707,thought-provoking,26.70391513264575
30707,violence,5.545068155296775
30749,based on a true story,21.305400182800927
30749,biography,1.864115035364732
30749,classic,2.4425336733817593
30749,death,1.370485018512187
30749,depressing,51.62184858404358
30749,drama,14.259593145062546
30749,family,0.849015567368258
30749,history,48.02716383869171
30749,imdb top 250,12.218600151555279
30749,murder,0.8024419464811667
30749,racism,31.685310273805243
30749,sad,3.270227370113518
30749,survival,32.540773150096115
30749,thriller,3.166923215662923
30749,true story,45.77261627249136
30749,violence,2.2187494572465667
30749,war,29.571843506097423
32017,action,3.473174623092248
32017,disney,6.89996687331279
32017,espionage,14.627021748976558
32017,family,23.050691528196868
32017,predictable,8.170214520056545
32017,spy,17.539569224165835
40339,aliens,18.41381286370261
40339,animation,14.535661692427368
40339,coming of age,8.257781169053306
40339,cute,13.456572776521751
40339,disney,19.7775813521125
40339,father-son relationship,41.10635806240832
40339,funny,3.7863771188886246
40339,pixar,24.189360927558948
40339,silly,19.359295645453265
43836,comedy,7.161180156068804
43836,crime,12.923253241354848
43836,cult film,4.104268950036424
43836,death,6.174590698404049
43836,heist,9.446459558725838
43836,investigation,47.513624592674
43836,murder,3.6135272184829135
43836,mystery,5.922115681463211
43836,new york city,5.005074853349876
43836,parody,5.783326207342388
43836,remake,19.512319253387194
43836,spy,8.750589817703244
45442,boring,5.117405828569352
45442,predictable,21.383902480383348
45442,remake,13.553655037211186
45442,survival,20.775562662201587
45442,suspense,4.116965030465803
45442,unrealistic,90.68596406907926
47997,black comedy,1.0982537778675066
47997,car chase,2.4364469001594338
47997,cult film,1.0583600738032004
47997,dark comedy,40.529645195334794
47997,dystopia,46.035558150833474
47997,friendship,0.8695405729366738
47997,funny,1.2816798733659358
47997,future,61.07784695902447
47997,futuristic,4.305796653037807
47997,genius,26.423114614295383
47997,military,2.14378244468338
47997,narrated,11.32200266991849
47997,overrated,3.1627229622128574
47997,politics,1.3900260656952104
47997,prison,2.1114136685652194
47997,satire,56.366654867003525
47997,satirical,3.3732700434746974
47997,social commentary,43.81309974857206
47997,space,1.4453314826997004
47997,stupid,3.926531606813319
47997,surprise ending,2.6653571027418375
47997,thought-provoking,24.112332861734398
47997,time travel,6.884668264905486
48385,absurd,9.186477869020292
48385,boring,1.9933640754889523
48385,classic,0.496544851327091
48385,comedy,5.824099909931686
48385,controversial,129.1495166075468
48385,crude humor,133.865590968643
48385,feminism,4.323814024291018
48385,funny,8.545543292853932
48385,hilarious,9.267157036273986
48385,love,0.8240976371814716
48385,mockumentary,143.6164583189216
48385,new york city,3.391903632527134
48385,nudity (full frontal),15.890083970057338
48385,overrated,6.652876914689695
48385,quotable,20.29214191630423
48385,racism,19.273862676040327
48385,road trip,36.53427792859359
48385,satire,48.650858939063376
48385,social commentary,27.963622418251987
48385,weird,1.8568943049451196
49932,atmospheric,14.811249417586135
49932,boring,11.990075129554107
49932,cinematography,15.450208078107272
49932,confusing,48.1782611459591
49932,dark,16.94564940393021
49932,disturbing,37.11685690424399
49932,dreamlike,3.4264388804966432
49932,long,5.731266693205466
49932,mindfuck,71.63803047134843
49932,murder,2.93932344459418
49932,nudity (topless),3.3928838466939677
49932,slow,6.960740028238539
49932,stylized,1.7814147142630563
49932,surreal,46.04683741172792
49932,unique,113.76069463217351
49932,weird,96.95313179170344
53000,action,1.173356092541121
53000,death,2.0850539073535024
53000,england,3.2297666418549373
53000,gore,2.569049666376935
53000,military,11.257803981550516
53000,music,1.4464206873853003
53000,plot holes,5.305914868699039
53000,post-apocalyptic,80.71257918821554
53000,sequel,7.152324848085982
53000,supernatural,2.572173964214603
53000,surprise ending,3.4919637532409955
53000,survival,26.961887536107103
53000,violence,1.1246920380537764
53000,zombies,119.50529333296377
53519,black comedy,1.276777010665677
53519,car chase,83.80950341642564
53519,dark comedy,1.1108531234984644
53519,dialogue,41.757637234044786
53519,feminism,33.72852803037349
53519,friendship,1.0108766432065968
53519,gore,4.562335211585631
53519,great dialogue,256.52464271133306
53519,great soundtrack,39.41885418887249
53519,murder,1.0833727333783216
53519,overrated,7.361046559993844
53519,quentin tarantino,321.43857807183696
53519,revenge,8.950739363512355
53519,slow,18.01701182535556
53519,slow paced,128.1555491628575
53519,stylish,54.86183782458078
53519,stylized,17.144916674856326
53519,too long,41.86148283762887
53519,violence,5.996280667034044
53519,violent,8.237070515087504
55805,acting,31.305374414636926
55805,crime,3.438051141813582
55805,death,3.290743304098396
55805,drama,2.624906474444689
55805,drugs,7.1476690916853824
55805,investigation,6.270564581844009
55805,murder,1.9264019812240665
55805,neo-noir,7.244012215195211
55805,new york city,5.339192117313464
55805,nonlinear,66.31868692247565
55805,nudity (topless),16.363848796334196
55805,sad,7.85754377146019
55805,social commentary,4.3738307867448984
55805,tense,13.272495361669588
55805,thriller,1.8995520549103049
55805,violence,1.7748025751894287
56782,atmospheric,11.385190746351718
56782,based on a book,2.6535871028762914
56782,boring,4.057557662838876
56782,cerebral,160.51844071119444
56782,cinematography,11.664168225875656
56782,coen brothers,4.777001789317252
56782,dark,3.681614529998016
56782,father-son relationship,38.24431834983739
56782,good acting,20.293387199046528
56782,great acting,0.8445463745583143
56782,great cinematography,3.4398370666658376
56782,gritty,47.297909547835594
56782,history,0.8708136752150959
56782,imdb top 250,7.7920327280121
56782,intense,60.94779046702259
56782,long,1.6640454579631763
56782,masterpiece,4.278188052223784
56782,murder,1.7080464406279499
56782,music,0.5057719964433212
56782,overrated,2.8976724246944596
56782,philosophy,1.9205853111676414
56782,realistic,12.540313908142569
56782,religion,25.788366443560914
56782,slow,10.123348951235675
56782,soundtrack,12.688167450498693
56782,visually appealing,30.863431116717297
56782,western,29.85310285225525
58559,acting,1.1603339577887701
58559,action,9.005216622336555
58559,anti-hero,16.096007320359778
58559,atmospheric,12.577314344036573
58559,batman,256.4755855425209
58559,boring,0.2438942785215931
58559,christian bale,138.26913526721634
58559,christopher nolan,256.44853246957007
58559,cinematography,4.90422033033961
58559,comic book,19.912991805657583
58559,corruption,8.534973174026648
58559,dark,40.16038032480741
58559,dark hero,42.223652985473755
58559,dialogue,0.5276917579043066
58559,dystopia,0.17921754965120448
58559,ensemble cast,8.042300771627092
58559,epic,2.1406028109570565
58559,gritty,31.178237483555225
58559,imdb top 250,14.793491736158938
58559,long,1.4015728639566172
58559,morgan freeman,63.94444983313706
58559,murder,0.8990230639689807
58559,music,7.896005584508096
58559,neo-noir,0.6751990129559309
58559,organized crime,3.605567104645578
58559,overrated,4.883979558473942
58559,philosophical,0.626801070311146
58559,psychological,6.429156429864699
58559,psychological thriller,63.04670569363129
58559,psychology,30.783088487384184
58559,realistic,1.1703396271501565
58559,revenge,0.18529375691102395
58559,sequel,1.0519535174066608
58559,serial killer,11.87501836832193
58559,smart,3.09269503288537
58559,soundtrack,0.7611257691230497
58559,stylized,10.489523028267497
58559,superhero,30.78510635877345
58559,thought-provoking,0.27204726502470983
58559,thriller,15.659966857390652
58559,too long,8.958789049439977
58559,twists & turns,1.4311261261277626
58559,unrealistic,4.2358424043464105
58559,violence,6.9683244184699005
58559,violent,17.815424834937954
61248,action,5.686520317491323
61248,car chase,10.319822073872478
61248,cheesy,12.529193364588211
61248,dystopia,3.9301772944663993
61248,gore,8.302907120105514
61248,predictable,4.452344873424228
61248,prison,8.94075986160157
61248,remake,28.44465742380747
61248,violence,14.567555844266751
64620,based on a true story,41.555726564996164
64620,boring,6.664858444543073
64620,good acting,43.430585700796506
64620,historical,9.136028614256846
64620,history,67.8245092196778
64620,intelligent,5.99736473926862
64620,politics,61.90013896776446
64620,suspense,14.329331406118587
64620,true story,15.428766422166639
65514,action,12.598248389557213
65514,biography,38.700668818382546
65514,cliche,6.250440117218063
65514,drama,5.6290233170315656
65514,family,1.4556760636838102
65514,inspirational,8.593439745060017
65514,martial arts,80.60828004412014
65514,predictable,1.553661079961333
65514,racism,3.5959364870709885
66097,alternate reality,65.94311947355835
66097,animation,26.666570910578
66097,atmospheric,1.3220891112045405
66097,based on a book,8.225888823649464
66097,boring,1.517348187797722
66097,creepy,82.59059760051007
66097,dark,42.19043984630216
66097,depressing,2.220624366821034
66097,dystopia,10.616508932900162
66097,fairy tale,47.028547544979745
66097,fantasy,6.700231955594421
66097,fantasy world,46.72735304242518
66097,gothic,62.71937090553067
66097,overrated,1.8970334980476378
66097,slow,3.9713915098281425
66097,storytelling,33.77499467553134
66097,surreal,43.79435817619186
66097,thought-provoking,0.8461006988361298
66097,tim burton,63.38953874548173
66097,unique,3.2414260813816163
66097,visually appealing,0.5014565062774109
66097,visually stunning,74.44349787366546
66097,whimsical,5.085123584787726
72733,based on a true story,9.103165278202855
72733,biography,8.402229396890831
72733,clint eastwood,93.42719120202341
72733,drama,4.92452871008976
72733,matt damon,117.83397067640831
72733,morgan freeman,148.98924121512476
72733,politics,5.391740486051766
72733,racism,38.08273567503647
72998,action,1.0790973967890898
72998,adventure,0.22760626690741723
72998,aliens,24.581489686077166
72998,animation,0.19699358701840594
72998,bad science,34.32578965230134
72998,beautiful,23.40112552709662
72998,beautiful scenery,243.13318851093635
72998,boring,0.30455654365174234
72998,cinematography,1.8828616954448072
72998,cliche,12.260167572782025
72998,dialogue,0.6589527897916971
72998,drama,3.6731110944490872
72998,epic,11.610337240962727
72998,fantasy,5.379240317779478
72998,funny,0.20581029804114104
72998,future,0.9998511916680474
72998,futuristic,138.30607940064763
72998,great soundtrack,0.674275926619571
72998,happy ending,1.1823227939509358
72998,heartwarming,0.6226691112209771
72998,imdb top 250,10.250994972471036
72998,intense,0.7894448205039006
72998,long,14.926587857400895
72998,love story,0.9249619527683645
72998,military,25.45634956818161
72998,music,7.727610028657831
72998,mythology,22.113797411526434
72998,overrated,2.2855084176879035
72998,philosophical,0.7827199388935874
72998,politics,9.05971231730624
72998,predictable,20.637727769012333
72998,racism,19.44445813406854
72998,robots,0.6436575684466399
72998,romance,5.991049798511302
72998,sci-fi,18.794944258110995
72998,science,1.2111538522842957
72998,science fiction,25.050590360421708
72998,social commentary,5.099950605467738
72998,space,3.135372151273003
72998,space travel,3.2992746424457504
72998,special effects,43.374706918031116
72998,surreal,0.20466069353570576
72998,technology,9.10601639670426
72998,thought-provoking,21.8586083546595
72998,too long,36.38965581863494
72998,unrealistic,0.8808136982443728
72998,violent,6.826254748895684
72998,virtual reality,2.371280735237433
72998,visually appealing,3.2239867764652086
72998,visually stunning,82.00211142020365
72998,war,11.94477429073439
73344,acting,9.663277601899786
73344,cinematography,31.559348094098745
73344,corruption,6.164051933040596
73344,drugs,3.6938820994258066
73344,great acting,29.772959510363375
73344,gritty,59.29776589726308
73344,long,47.1228357548634
73344,mafia,118.01975884131684
73344,overrated,20.372299645563412
73344,prison,68.8403896242999
73344,psychology,14.023148483978064
85412,action,0.8500157851735298
85412,adventure,1.7936822770478675
85412,atmospheric,8.378996146603896
85412,bad acting,9.198600014664274
85412,boring,4.803718815451284
85412,comedy,0.7003717526329646
85412,conspiracy,35.237294836998466
85412,fantasy,1.628289874605364
85412,horror,1.7004566176008415
85412,mindfuck,4.241476631934471
85412,mockumentary,191.58884171497866
85412,mythology,256.02586000157527
85412,original,23.445040095540406
85412,religion,11.405961863664281
89904,black and white,30.884365540061193
89904,boring,9.819883090646776
89904,cinematography,6.31588629817031
89904,drama,4.92452871008976
89904,emotional,2.73138913801033
89904,original,108.62408124690207
89904,oscar (best picture),41.50923843882628
89904,overrated,4.086126620561974
89904,romance,8.24018601646905
89904,sentimental,8.910762808635566
89904,silly,2.8116015937527976
89904,visually appealing,21.704979964503952
90405,anti-hero,3.106938852751767
90405,boring,0.8975287062385087
90405,car chase,3.4602679722043503
90405,cheesy,44.53960831348144
90405,corruption,21.918882126305807
90405,crime,7.09253124458618
90405,cyberpunk,2.4808096468801
90405,death,1.1297975146164843
90405,detective,2.001717977319819
90405,dystopia,44.67220104835053
90405,existentialism,3.6093017792135367
90405,future,61.30638131799463
90405,love,1.1135560333413523
90405,murder,0.6615318805930367
90405,original,58.980064210521135
90405,plot holes,70.13505739502406
90405,predictable,1.4943388740698917
90405,reflective,11.170600655751821
90405,revenge,0.6818525418100405
90405,sci-fi,24.029500241224994
90405,social commentary,27.198525157963374
90405,suicide,3.719488490536819
90405,surprise ending,1.8918342264161379
90405,suspense,10.134779258587235
90405,thought-provoking,53.761014693585345
90405,thriller,2.610535466871158
90405,violence,0.6094873837708922
90430,acting,6.222098370842559
90430,dark comedy,11.881011247547493
90430,dialogue,34.19856542471391
90430,dialogue driven,50.546066570667584
90430,drama,2.624906474444689
90430,ensemble cast,43.45169287516944
90430,good acting,247.15856588147787
90430,psychological,21.829974892340214
90430,psychology,9.025883723011697
90430,satire,43.54602038138857
90430,satirical,6.977704611625559
90430,social commentary,37.48512848765251
105504,based on a true story,24.09818988822557
105504,crime,5.1025271529732965
105504,great acting,41.872994385636325
105504,long,3.714003979497704
105504,murder,0.9523843938001942
105504,politics,18.546711464808613
105504,racism,2.4888057168707856
105504,realistic,3.100967172011965
105504,survival,1.7420323380922884
105504,suspense,47.33042005186446
105504,tense,49.67159091366251
105504,thriller,0.9391133782290381
105504,tom hanks,126.58872713649117
105504,true story,62.50326275039968
105504,violence,0.877452724318238
111362,action,6.416731484077386
111362,artificial intelligence,2.5747725729602484
111362,comedy,0.37709276250571944
111362,comic book,10.315811393000603
111362,cyberpunk,3.5722497669301814
111362,death,1.6266138577034541
111362,dialogue,2.7966126811330945
111362,disney,0.9085245270217281
111362,dystopia,0.9494450562680103
111362,ensemble cast,2.6587772549100834
111362,funny,0.43652395183149023
111362,martial arts,1.403128319490562
111362,marvel,66.90312160209861
111362,military,4.384251316511352
111362,murder,0.9523843938001942
111362,new york city,1.3188041672461808
111362,nonlinear,4.03655012580574
111362,paris,3.442046980657084
111362,prison,2.1578434106175397
111362,revenge,0.9816415348705534
111362,sci-fi,5.297047285724577
111362,science fiction,16.06381599392494
111362,sequel,3.7170659794685936
111362,social commentary,1.080551833846937
111362,special effects,4.338282701440035
111362,superhero,44.723818073159016
111362,surprise ending,2.723976291821647
111362,surrealism,3.0397060750828118
111362,survival,1.7420323380922884
111362,suspense,1.039751524680098
111362,time travel,64.23054964907092
111362,violence,0.877452724318238
113348,action,9.632827499690109
113348,comic book,58.46244139647466
113348,conspiracy,14.68228937185081
113348,fun,24.128830845677385
113348,martial arts,39.663437895689334
113348,new york city,9.24993660685716
113348,plot holes,29.151064390396
113348,remake,11.9850836016617
113348,silly,15.621807133248563
113348,superhero,22.782997990704718
113348,surprise ending,19.146103475389435
113348,violence,6.15026797376273
122896,action,1.4364441906452903
122896,adventure,12.15421949514058
122896,dark,4.295876271345012
122896,disney,2.852273039044027
122896,fantasy,5.507834108563494
122896,funny,4.113124750522528
122896,johnny depp,124.09121678543437
122896,plot holes,26.11573835660567
122896,sequel,29.346498475175817
122896,special effects,55.144155762319244
122896,violence,8.275439829661073
122896,violent,11.370362422766869
122898,apocalypse,11.3075679405967
122898,assassin,7.820382758672287
122898,batman,257.6130926917106
122898,comic book,6.251913872072818
122898,dark hero,21.088894493245274
122898,death,4.938147244163901
122898,dialogue,8.495141297625633
122898,ensemble cast,24.325909818937845
122898,humor,16.407170544426624
122898,investigation,9.413228846178175
122898,martial arts,4.259195322598928
122898,marvel,6.894605371884461
122898,murder,2.890299304790962
122898,prison,6.552649566926353
122898,sequel,2.818141840008961
122898,superhero,36.321541700493526
122898,surrealism,9.234718237462832
122898,technology,14.665830181975302
122898,violence,2.6627949002086164
125916,bad acting,4.594015051489216
125916,based on a book,15.037448192141202
125916,boring,7.209909686260669
125916,chick flick,9.466120205563868
125916,drama,2.410499201016357
125916,fantasy,1.628289874605364
125916,love,17.937493207469817
125916,nudity (topless),12.283157519574193
125916,plot holes,54.47816765761413
125916,psychological,3.325941951237517
125916,sexuality,34.64753085356434
125916,soundtrack,7.499608909926755
125916,stupid,33.78600496162281
130634,action,11.135440866781133
130634,car chase,76.93644390184545
130634,crime,10.331923150395395
130634,drama,7.885073390414592
130634,emotional,6.561609877679734
130634,ensemble cast,16.184448347611617
130634,family,6.120971154272021
130634,great soundtrack,8.693081510384514
130634,happy ending,125.4830627607783
130634,heist,7.553598124259127
130634,humorous,7.947895097750888
130634,long,11.287132295505382
130634,plot holes,12.580149241591963
130634,revenge,20.947588581792196
130634,silly,6.754493981199699
130634,stupid,6.0894132978591795
130634,suspense,6.316148562840354
130634,technology,14.665830181975302
130634,thriller,2.8500051375324786
130634,unrealistic,34.28340530484987
135141,action,2.451026417675039
135141,bad science,24.295582182943473
135141,based on a book,11.548145718950169
135141,conspiracy,11.217939670820147
135141,corruption,10.526603707792031
135141,dystopia,61.917707958705556
135141,futuristic,23.66920223947403
135141,martial arts,7.522355241383674
135141,memory,28.566686127386628
135141,plot holes,113.80287046102504
135141,plot twist,13.060876574775893
135141,predictable,17.341238067692238
135141,revenge,5.260291546699082
135141,sequel,30.042192993462177
135141,social commentary,5.7909433504450005
135141,surrealism,16.325397864275903
135141,technology,25.953681129781394
135141,violence,4.7014443559681665
136562,acting,6.222098370842559
136562,based on a true story,7.279217369195214
136562,biography,91.48229291602563
136562,boring,5.231274757803731
136562,computers,274.216843740743
136562,dialogue,51.51818932870676
136562,great acting,3.8126703722407975
136562,happy ending,10.16448043638012
136562,technology,151.66548082842633
141866,action,3.0492936926088863
141866,atmospheric,1.2495127649455127
141866,cheesy,6.713232318873181
141866,cinematography,4.434440488238171
141866,confusing,17.19972190789132
141866,drugs,7.846371230405561
141866,gore,22.354221256087687
141866,murder,2.1144430356094737
141866,music,5.014023219156322
141866,revenge,10.920902830438177
141866,stylish,10.587808671331583
141866,stylized,2.5640007900720176
141866,survival,90.9111766697294
141866,suspense,16.215490977176103
141866,thriller,25.164004503978457
141866,violence,1.948038414553063
141866,war,7.747446152556633
187717,based on a true story,17.10250845616131
187717,biography,70.3909148992096
187717,documentary,111.54475317005003
187717,emotional,18.509588565675436
187717,heartwarming,92.19545948129951
187717,love,27.532410389128447
187717,tom hanks,9.71628544686629
194951,apocalypse,33.7376217773126
194951,atmospheric,3.9434255493142727
194951,based on a book,1.075855632798335
194951,boring,3.8790304330076126
194951,creepy,18.883640120019297
194951,drama,6.4964340916677985
194951,dystopia,26.756020109142828
194951,future,2.121158115705266
194951,horror,16.542507589717705
194951,nonlinear,4.03655012580574
194951,overrated,22.736317569640683
194951,plot holes,29.151064390396
194951,post-apocalyptic,88.67616942787062
194951,predictable,2.1515446148841173
194951,slow paced,36.72255038891264
194951,suicide,40.52759178144843
194951,survival,74.49621549725737
194951,suspense,8.333182551328294
194951,thriller,18.86646899409895
275245,aliens,37.48941070251051
275245,black comedy,1.7921986807746668
275245,confusing,12.356807689822022
275245,creepy,5.007236741304809
275245,dark comedy,1.5592669216184607
275245,dark humor,8.680770359916838
275245,horror,1.4617087829978834
275245,long,5.932662179620494
275245,mystery,2.491385836727107
275245,psychological thriller,76.41234648075091
275245,satire,1.8902278991212964
275245,sci-fi,13.558626470144707
275245,surrealism,4.8550659361294315
275245,suspenseful,230.5258415028235
275245,thriller,13.536082248590413
275245,unique,136.62350947996774
275245,western,5.031607556693656
