userId,tag,score,scaled,judge,delta
999999,acting,0.06109979633401222,1.12,5,-3.88
999999,aliens,0.8886978911069994,4.45,5,-0.55
999999,animation,1.025339185953711,5.0,5,0.0
999999,atmospheric,0.7181596284765366,3.76,5,-1.24
999999,based on a book,0.12208655925933412,1.37,5,-3.63
999999,beautiful,0.10864040660736976,1.31,5,-3.69
999999,bittersweet,0.726442258343374,3.8,5,-1.2
999999,boring,0.40638266753596247,2.51,5,-2.49
999999,chick flick,0.04120879120879121,1.04,5,-3.96
999999,classic,0.2889790989762822,2.04,5,-2.96
999999,comedy,0.42599747638698904,2.59,5,-2.41
999999,coming of age,0.8279251966813722,4.21,5,-0.79
999999,creepy,0.12863705972434916,1.39,5,-3.61
999999,disney,0.6215083798882681,3.38,5,-1.62
999999,emotional,0.04002541296060991,1.04,5,-3.96
999999,family,0.10762331838565023,1.31,5,-3.69
999999,father-son relationship,0.18854748603351956,1.64,5,-3.36
999999,friendship,0.29404573254957334,2.06,5,-2.94
999999,fun,0.07681564245810056,1.19,5,-3.81
999999,happy ending,0.38136863136863136,2.41,5,-2.59
999999,heartwarming,0.265897107376928,1.95,5,-3.05
999999,horror,0.5632284293165942,3.14,5,-1.86
999999,humorous,0.03054989816700611,1.0,5,-4.0
999999,inspirational,0.27541273141769174,1.98,5,-3.02
999999,interesting,0.04120879120879121,1.04,5,-3.96
999999,johnny depp,0.7004830917874396,3.69,5,-1.31
999999,leonardo dicaprio,0.5072463768115942,2.92,5,-2.08
999999,loneliness,0.45146396319877147,2.69,5,-2.31
999999,mental illness,0.7865006996780362,4.04,5,-0.96
999999,murder,0.0556701030927835,1.1,5,-3.9
999999,music,0.30432707604199805,2.1,5,-2.9
999999,musical,0.23044692737430167,1.8,5,-3.2
999999,quirky,0.43749497604370274,2.64,5,-2.36
999999,quotable,0.260989010989011,1.93,5,-3.07
999999,romance,0.16246840833880222,1.53,5,-3.47
999999,sci-fi,0.9178203568698593,4.57,5,-0.43
999999,silly,0.2791766956736407,2.0,5,-3.0
999999,soundtrack,0.7100192021587799,3.73,5,-1.27
999999,stupid,0.36613792795873157,2.35,5,-2.65
999999,suspenseful,0.1934826883910387,1.66,5,-3.34
999999,tense,0.2444345099387707,1.86,5,-3.14
999999,thriller,0.6421651560072755,3.46,5,-1.54
999999,tom cruise,0.7979061527725192,4.09,5,-0.91
999999,whimsical,0.1932367149758454,1.65,5,-3.35
10202,anthony hopkins,5.19832723335418,1.21,5,-3.79
10202,atmospheric,39.20044698492316,3.39,5,-1.61
10202,based on a book,39.215456417497286,3.39,5,-1.61
10202,brad pitt,7.485466465852705,1.35,5,-3.65
10202,british,13.513453877834573,1.74,5,-3.26
10202,classic,38.97062941889391,3.37,5,-1.63
10202,clever,5.971555227317611,1.26,5,-3.74
10202,comedy,64.38046447665853,5.0,5,0.0
10202,crime,10.839719724944858,1.57,5,-3.43
10202,dark,16.254092986493387,1.91,5,-3.09
10202,dark comedy,27.65287836392801,2.65,5,-2.35
10202,dark humor,6.665611289583598,1.3,5,-3.7
10202,disturbing,14.952972921304582,1.83,5,-3.17
10202,drama,12.3907516554422,1.67,5,-3.33
10202,excellent script,2.687821899748255,1.04,5,-3.96
10202,feel-good,4.371637651902625,1.15,5,-3.85
10202,friendship,21.582257192226077,2.26,5,-2.74
10202,good acting,3.730542289015166,1.11,5,-3.89
10202,great acting,13.67678397437505,1.75,5,-3.25
10202,great dialogue,2.3667310950149645,1.02,5,-3.98
10202,great ending,3.1613620792574615,1.07,5,-3.93
10202,great performances,2.660588195885263,1.04,5,-3.96
10202,heartwarming,11.688555854826493,1.62,5,-3.38
10202,hilarious,8.498025585771789,1.42,5,-3.58
10202,horror,15.060002388334853,1.84,5,-3.16
10202,imdb top 250,8.30741576285624,1.4,5,-3.6
10202,inspirational,21.16661196161782,2.23,5,-2.77
10202,investigation,2.877486602611784,1.06,5,-3.94
10202,mental illness,16.86815844939972,1.95,5,-3.05
10202,morgan freeman,7.958487099388215,1.38,5,-3.62
10202,multiple storylines,8.990897716797452,1.45,5,-3.55
10202,mystery,18.346118760912503,2.05,5,-2.95
10202,narrated,3.1402445087568935,1.07,5,-3.93
10202,oscar (best picture),15.618921127622018,1.87,5,-3.13
10202,powerful ending,2.484640343717658,1.03,5,-3.97
10202,prison,8.023358807292269,1.39,5,-3.61
10202,psychological,10.275762604775238,1.53,5,-3.47
10202,psychological thriller,1.9929657639410787,1.0,5,-4.0
10202,psychology,18.45847634281523,2.06,5,-2.94
10202,quirky,32.954902035742045,2.99,5,-2.01
10202,reflective,3.2657738181551883,1.08,5,-3.92
10202,revenge,17.354856172909344,1.98,5,-3.02
10202,serial killer,11.805820896418707,1.63,5,-3.37
10202,stephen king,10.224718570110753,1.53,5,-3.47
10202,strong female lead,5.428691131987559,1.22,5,-3.78
10202,suspense,21.132386007720807,2.23,5,-2.77
10202,tense,14.536322354409347,1.8,5,-3.2
10202,thought-provoking,15.41284390985057,1.86,5,-3.14
10202,thriller,30.763871234696484,2.84,5,-2.16
10202,twist ending,26.130734022685587,2.55,5,-2.45
15875,alternate reality,9.151467230940835,1.72,5,-3.28
15875,atmospheric,45.014856652674936,5.0,5,0.0
15875,based on a book,35.678596825818694,4.15,5,-0.85
15875,brad pitt,6.513223890337754,1.47,5,-3.53
15875,bruce willis,10.78252470880541,1.87,5,-3.13
15875,cerebral,2.8501022674146164,1.14,5,-3.86
15875,christopher nolan,1.8435738617525872,1.05,5,-3.95
15875,complicated,2.2242768218646325,1.08,5,-3.92
15875,cult film,10.876922103235708,1.87,5,-3.13
15875,dark,17.25387219183897,2.46,5,-2.54
15875,dark comedy,27.08859308582399,3.36,5,-1.64
15875,disturbing,20.32659946791551,2.74,5,-2.26
15875,dreamlike,11.118054230562006,1.9,5,-3.1
15875,dystopia,29.653810647927813,3.59,5,-1.41
15875,edward norton,6.25687730384429,1.45,5,-3.55
15875,great ending,2.7570571343339743,1.13,5,-3.87
15875,imdb top 250,6.902206030783097,1.51,5,-3.49
15875,memory,2.219074212646198,1.08,5,-3.92
15875,mental illness,13.507426019820135,2.11,5,-2.89
15875,mindfuck,10.64246473794059,1.85,5,-3.15
15875,mystery,15.709909846126866,2.32,5,-2.68
15875,narrated,3.0782086957029264,1.16,5,-3.84
15875,nonlinear,5.237700755942874,1.36,5,-3.64
15875,original,4.607336803384059,1.3,5,-3.7
15875,philosophical,6.951170001203636,1.51,5,-3.49
15875,philosophy,4.505606139826292,1.29,5,-3.71
15875,plot twist,6.390243046836294,1.46,5,-3.54
15875,post-apocalyptic,15.75603309405165,2.32,5,-2.68
15875,powerful ending,2.1933739426415335,1.08,5,-3.92
15875,psychological,13.781659901627123,2.14,5,-2.86
15875,psychological thriller,1.4081280830432512,1.01,5,-3.99
15875,psychology,19.391727001474102,2.65,5,-2.35
15875,quirky,28.006340851515212,3.44,5,-1.56
15875,revenge,19.3095687383997,2.65,5,-2.35
15875,satirical,5.145394500171732,1.35,5,-3.65
15875,sci-fi,44.164450849506466,4.92,5,-0.08
15875,social commentary,20.239817099260097,2.73,5,-2.27
15875,storytelling,1.3309676727722228,1.0,5,-4.0
15875,stylized,23.181005392502783,3.0,5,-2.0
15875,surreal,30.473167322626153,3.67,5,-1.33
15875,suspense,19.646936613778,2.68,5,-2.32
15875,tense,13.311972591678428,2.1,5,-2.9
15875,thought-provoking,16.051218533662666,2.35,5,-2.65
15875,time loop,2.8361701297974964,1.14,5,-3.86
15875,time travel,25.467811239385956,3.21,5,-1.79
15875,twist,1.7549580035062742,1.04,5,-3.96
15875,twist ending,26.23652747199108,3.28,5,-1.72
15875,twists & turns,2.6836233765956456,1.12,5,-3.88
15875,violence,13.781399166332074,2.14,5,-2.86
15875,violent,6.308246103266495,1.46,5,-3.54
158553,absurd,3.4328925968377733,1.1,5,-3.9
158553,atmospheric,40.809595222719835,5.0,5,0.0
158553,black and white,12.682818421531918,2.07,5,-2.93
158553,black comedy,16.51573728014825,2.47,5,-2.53
158553,boring,5.229456926424858,1.29,5,-3.71
158553,brutal,3.4211616190457383,1.1,5,-3.9
158553,cerebral,2.7670087141708497,1.03,5,-3.97
158553,cinematography,17.96032102859176,2.62,5,-2.38
158553,classic,26.882243300868495,3.55,5,-1.45
158553,corruption,9.725863715902872,1.76,5,-3.24
158553,dark,17.833410007852788,2.61,5,-2.39
158553,dark comedy,21.646379168068627,3.0,5,-2.0
158553,depressing,4.482657326500048,1.21,5,-3.79
158553,disturbing,16.830977806251063,2.5,5,-2.5
158553,drama,10.627293497534145,1.85,5,-3.15
158553,dreamlike,9.37101632265912,1.72,5,-3.28
158553,dystopia,21.31181926457209,2.97,5,-2.03
158553,edward norton,5.170278516568469,1.29,5,-3.71
158553,emotional,11.113611360950271,1.9,5,-3.1
158553,futuristic,3.5358529539883596,1.12,5,-3.88
158553,great acting,12.082086688083804,2.01,5,-2.99
158553,great soundtrack,13.428705315712369,2.15,5,-2.85
158553,hallucinatory,2.9671174407840892,1.06,5,-3.94
158553,imdb top 250,7.720606062286912,1.55,5,-3.45
158553,music,17.302336653680445,2.55,5,-2.45
158553,nazis,3.438024405974719,1.1,5,-3.9
158553,nudity (full frontal),5.570493009879373,1.33,5,-3.67
158553,nudity (topless),20.728981996260497,2.91,5,-2.09
158553,overrated,3.4089377788015667,1.1,5,-3.9
158553,politics,10.610355901421968,1.85,5,-3.15
158553,powerful ending,2.431679119342275,1.0,5,-4.0
158553,prison,7.568350214891269,1.54,5,-3.46
158553,quirky,21.752155848066582,3.01,5,-1.99
158553,racism,7.084237790892194,1.48,5,-3.52
158553,rape,5.677671190741911,1.34,5,-3.66
158553,revenge,16.90620497872643,2.51,5,-2.49
158553,robert de niro,8.647847096869416,1.65,5,-3.35
158553,satire,15.00576864515647,2.31,5,-2.69
158553,satirical,3.934897807287417,1.16,5,-3.84
158553,sci-fi,37.030312492432735,4.61,5,-0.39
158553,social commentary,18.450072236054094,2.67,5,-2.33
158553,stylized,20.02158005370802,2.83,5,-2.17
158553,surreal,25.541749995204114,3.41,5,-1.59
158553,tense,13.351635803587241,2.14,5,-2.86
158553,thought-provoking,15.207067400369988,2.33,5,-2.67
158553,twist ending,26.14684342455599,3.47,5,-1.53
158553,violence,13.512203402716013,2.15,5,-2.85
158553,violent,6.1444347734921365,1.39,5,-3.61
158553,visually appealing,23.585490716719498,3.2,5,-1.8
158553,weird,4.3221655101525815,1.2,5,-3.8
116907,1980s,9.134987058459929,1.47,2,-0.53
116907,absurd,3.767163804928843,1.13,2,-0.87
116907,action,51.98693635510606,4.19,5,-0.81
116907,adventure,21.75500323725029,2.27,5,-2.73
116907,alternate reality,6.910829216060339,1.33,5,-3.67
116907,atmospheric,34.20978544277011,3.06,2,1.06
116907,based on a book,31.4935939956279,2.89,2,0.89
116907,classic,31.321033708259872,2.88,2,0.88
116907,comedy,64.77917223298994,5.0,4,1.0
116907,cult classic,4.5807299283358525,1.18,2,-0.82
116907,cult film,7.863034143888605,1.39,3,-1.61
116907,ensemble cast,9.695818143339888,1.51,2,-0.49
116907,epic,5.112217639418275,1.22,4,-2.78
116907,fairy tale,7.710282505849049,1.38,3,-1.62
116907,fantasy,19.690102832490656,2.14,4,-1.86
116907,fantasy world,3.578833484720857,1.12,3,-1.88
116907,father-son relationship,6.2551131774143665,1.29,4,-2.71
116907,feel-good,3.919225798336205,1.14,3,-1.86
116907,feminism,3.879732992895686,1.14,3,-1.86
116907,friendship,17.817144490277347,2.02,4,-1.98
116907,fun,3.6042719881069787,1.12,4,-2.88
116907,funny,50.42167216230162,4.09,5,-0.91
116907,future,6.6007515198839455,1.31,2,-0.69
116907,great soundtrack,13.73729016570893,1.76,2,-0.24
116907,happy ending,3.9450503997801123,1.14,3,-1.86
116907,harrison ford,6.487151894375758,1.3,1,0.3
116907,humorous,5.5962119135664405,1.25,3,-1.75
116907,imdb top 250,7.345769218294635,1.36,2,-0.64
116907,love,3.976519627883286,1.14,4,-2.86
116907,magic,12.1103014376134,1.66,4,-2.34
116907,multiple storylines,5.725085630170915,1.26,2,-0.74
116907,music,20.771098337965604,2.21,3,-0.79
116907,mythology,1.6897383695007788,1.0,3,-2.0
116907,plot twist,6.06402931353794,1.28,2,-0.72
116907,quirky,25.03852602907649,2.48,3,-0.52
116907,quotable,2.459857931638435,1.05,2,-0.95
116907,revenge,14.043727239626328,1.78,4,-2.22
116907,romance,37.10295672726738,3.25,3,0.25
116907,sci-fi,33.11766271813526,2.99,4,-1.01
116907,space,10.726602842915508,1.57,3,-1.43
116907,space travel,2.564423092242815,1.06,3,-1.94
116907,star wars,3.3633126665187123,1.11,1,0.11
116907,strong female lead,6.2320566295276905,1.29,3,-1.71
116907,teen,6.559640261229492,1.31,2,-0.69
116907,time travel,17.564674829198005,2.01,3,-0.99
116907,too long,2.7699826893930513,1.07,1,0.07
116907,visually appealing,22.06118853379165,2.29,2,0.29
116907,war,11.764202295268474,1.64,3,-1.36
116907,whimsical,4.367204260139991,1.17,3,-1.83
116907,witty,9.951728954500128,1.52,3,-1.48
159685,al pacino,7.690227370186924,1.62,5,-3.38
159685,atmospheric,33.24817276361071,4.25,5,-0.75
159685,based on a book,29.527591882921982,3.87,5,-1.13
159685,biography,10.57368020781373,1.92,5,-3.08
159685,christian bale,4.971932647437474,1.34,5,-3.66
159685,christopher nolan,1.8736607371501541,1.02,5,-3.98
159685,complicated,1.6941555717801413,1.0,5,-4.0
159685,corruption,10.602788470014161,1.92,5,-3.08
159685,crime,8.98505270424454,1.75,5,-3.25
159685,dark,15.701198353364626,2.44,5,-2.56
159685,dialogue,4.638828114380517,1.3,5,-3.7
159685,drama,10.479638077158494,1.91,5,-3.09
159685,emotional,8.488340970875141,1.7,5,-3.3
159685,ensemble cast,13.22752544657496,2.19,5,-2.81
159685,great acting,10.793304883114578,1.94,5,-3.06
159685,great ending,3.065400244904184,1.14,5,-3.86
159685,heartwarming,6.394297492596083,1.48,5,-3.52
159685,imdb top 250,6.795568703789675,1.53,5,-3.47
159685,jack nicholson,6.898199997120834,1.54,5,-3.46
159685,leonardo dicaprio,6.001531094216282,1.44,5,-3.56
159685,long,3.8308840470211383,1.22,5,-3.78
159685,mafia,9.91716895532925,1.85,5,-3.15
159685,magic,8.107899072952565,1.66,5,-3.34
159685,martin scorsese,5.322469929515368,1.37,5,-3.63
159685,matt damon,6.805307019631834,1.53,5,-3.47
159685,mindfuck,7.131058434778473,1.56,5,-3.44
159685,mystery,10.105850182736056,1.87,5,-3.13
159685,nonlinear,5.043437600622903,1.35,5,-3.65
159685,organized crime,7.882191303632559,1.64,5,-3.36
159685,philosophy,3.8079991835854528,1.22,5,-3.78
159685,prison,5.526098808755722,1.4,5,-3.6
159685,psychological,9.402416035709116,1.79,5,-3.21
159685,psychology,17.41488515374909,2.62,5,-2.38
159685,racism,7.71909997441554,1.62,5,-3.38
159685,remake,9.596646599999103,1.81,5,-3.19
159685,revenge,16.882109408857797,2.57,5,-2.43
159685,robert de niro,9.960733081778102,1.85,5,-3.15
159685,scarlett johansson,3.715331829530234,1.21,5,-3.79
159685,sci-fi,40.482596725623466,5.0,5,0.0
159685,social commentary,15.7839801333061,2.45,5,-2.55
159685,stephen king,4.481425400948165,1.29,5,-3.71
159685,surprise ending,2.1159982651480065,1.04,5,-3.96
159685,suspense,17.81844773814874,2.66,5,-2.34
159685,tense,12.658700022228258,2.13,5,-2.87
159685,thriller,25.386966970296832,3.44,5,-1.56
159685,tom hanks,7.503967737995309,1.6,5,-3.4
159685,touching,7.074189327977067,1.55,5,-3.45
159685,twist ending,21.46157131231757,3.04,5,-1.96
159685,twists & turns,2.414490451048105,1.07,5,-3.93
159685,violence,12.872300871823498,2.15,5,-2.85
43386,atmospheric,45.12717544061186,5.0,5,0.0
43386,based on a book,27.725377398609815,3.36,5,-1.64
43386,beautiful,6.126797278271912,1.32,5,-3.68
43386,bittersweet,11.968568645059772,1.87,5,-3.13
43386,black and white,15.691013405179204,2.22,5,-2.78
43386,black comedy,18.876119430804753,2.52,5,-2.48
43386,boring,4.551927235167516,1.17,5,-3.83
43386,brutal,3.4965179979375702,1.07,5,-3.93
43386,classic,32.963170396162944,3.85,5,-1.15
43386,comic book,6.4273495731347765,1.34,5,-3.66
43386,coming of age,16.80602014161576,2.32,5,-2.68
43386,controversial,5.68295653267544,1.27,5,-3.73
43386,crime,8.49818500360529,1.54,5,-3.46
43386,cult film,10.80075318030999,1.76,5,-3.24
43386,dark comedy,28.068877276468047,3.39,5,-1.61
43386,death,3.35944454522127,1.05,5,-3.95
43386,depressing,5.071970660112584,1.22,5,-3.78
43386,dreamlike,12.278755322365907,1.9,5,-3.1
43386,film noir,7.658849813294145,1.46,5,-3.54
43386,friendship,13.25583168068406,1.99,5,-3.01
43386,funny,40.40372508841264,4.55,5,-0.45
43386,great soundtrack,14.230070201887667,2.08,5,-2.92
43386,hallucinatory,3.5835732153858366,1.08,5,-3.92
43386,high school,13.725736509361706,2.03,5,-2.97
43386,johnny depp,10.840757291132201,1.76,5,-3.24
43386,love,2.7804676388206375,1.0,5,-4.0
43386,martin scorsese,4.852654433212578,1.2,5,-3.8
43386,melancholy,3.436701301466506,1.06,5,-3.94
43386,mindfuck,10.341234393705594,1.71,5,-3.29
43386,murder,7.8149376871376885,1.48,5,-3.52
43386,new york city,9.342153042682181,1.62,5,-3.38
43386,prison,6.617325099571058,1.36,5,-3.64
43386,quirky,29.157268874663984,3.49,5,-1.51
43386,reflective,4.188278261517841,1.13,5,-3.87
43386,road trip,10.371830102838945,1.72,5,-3.28
43386,robert de niro,9.69023871628599,1.65,5,-3.35
43386,robert downey jr.,3.608163261927209,1.08,5,-3.92
43386,romantic comedy,6.587358411728441,1.36,5,-3.64
43386,satire,20.06507135714238,2.63,5,-2.37
43386,satirical,5.438386127613349,1.25,5,-3.75
43386,scarlett johansson,3.8525736444564953,1.1,5,-3.9
43386,serial killer,15.688307827712828,2.22,5,-2.78
43386,social commentary,15.717363671372247,2.22,5,-2.78
43386,stylized,22.8843527565146,2.9,5,-2.1
43386,surreal,29.273214940853848,3.5,5,-1.5
43386,thriller,20.596755451990404,2.68,5,-2.32
43386,violence,11.604390139125801,1.83,5,-3.17
43386,violent,6.443025266203641,1.35,5,-3.65
43386,visually appealing,21.87846758688032,2.8,5,-2.2
43386,western,10.018585521113277,1.68,5,-3.32
153690,1980s,7.959581037190274,1.47,5,-3.53
153690,action,58.89114351073679,5.0,5,0.0
153690,alternate reality,8.002999067784899,1.48,5,-3.52
153690,assassin,7.828038131476283,1.47,5,-3.53
153690,beautiful,4.040970521450719,1.2,5,-3.8
153690,cinematography,10.904286061365426,1.68,5,-3.32
153690,comic book,10.660185983777714,1.66,5,-3.34
153690,corruption,9.728446537945183,1.6,5,-3.4
153690,crime,7.527689402706951,1.44,5,-3.56
153690,dark,17.637869475270374,2.14,5,-2.86
153690,dark hero,3.151545893223287,1.14,5,-3.86
153690,disturbing,8.591961891455222,1.52,5,-3.48
153690,drama,7.001522789757472,1.41,5,-3.59
153690,dystopia,24.572654934458303,2.62,5,-2.38
153690,emotional,7.027136272563036,1.41,5,-3.59
153690,feminism,2.4230649893490983,1.09,5,-3.91
153690,friendship,13.584251915143726,1.86,5,-3.14
153690,future,8.438018521042999,1.51,5,-3.49
153690,gore,4.843543199917418,1.26,5,-3.74
153690,great acting,9.04623295515844,1.55,5,-3.45
153690,great soundtrack,10.931976455848192,1.68,5,-3.32
153690,gritty,4.486622082389051,1.23,5,-3.77
153690,humorous,5.433170044106166,1.3,5,-3.7
153690,imdb top 250,5.401364725151667,1.3,5,-3.7
153690,loneliness,3.3094251071282006,1.15,5,-3.85
153690,love story,3.9573989956817712,1.2,5,-3.8
153690,marvel,8.452489853453852,1.51,5,-3.49
153690,music,9.780097127610539,1.6,5,-3.4
153690,natalie portman,2.6785010683787047,1.11,5,-3.89
153690,nudity (topless),26.171067586269785,2.74,5,-2.26
153690,organized crime,6.0782198250716775,1.34,5,-3.66
153690,quirky,22.389012743553263,2.47,5,-2.53
153690,revenge,19.96014545275211,2.31,5,-2.69
153690,sci-fi,46.87742050384021,4.17,5,-0.83
153690,slow paced,1.2592467321395957,1.01,5,-3.99
153690,social commentary,13.584603504820652,1.86,5,-3.14
153690,soundtrack,3.987068921947159,1.2,5,-3.8
153690,storytelling,1.1016006863263288,1.0,5,-4.0
153690,stylish,4.8007515881416225,1.26,5,-3.74
153690,stylized,15.846560722537733,2.02,5,-2.98
153690,superhero,21.241338779335607,2.39,5,-2.61
153690,survival,11.148543651485525,1.7,5,-3.3
153690,tense,13.58596659798851,1.86,5,-3.14
153690,too long,2.357126951408042,1.09,5,-3.91
153690,touching,4.217106988475149,1.22,5,-3.78
153690,unique,2.1886695684181148,1.08,5,-3.92
153690,violence,11.711452793821286,1.73,5,-3.27
153690,violent,5.780398808257402,1.32,5,-3.68
153690,visually appealing,16.541075270187118,2.07,5,-2.93
153690,western,11.062240380299132,1.69,5,-3.31
17035,action,33.50386930387469,4.9,3,1.9
17035,atmospheric,34.30718231281536,5.0,5,0.0
17035,based on a book,32.4437985113048,4.77,4,0.77
17035,black and white,12.521230309035367,2.32,4,-1.68
17035,cerebral,2.5049549147684096,1.09,3,-1.91
17035,cinematography,16.45910328972208,2.8,5,-2.2
17035,classic,28.770272978945094,4.32,4,0.32
17035,coen brothers,5.661863898830829,1.47,2,-0.53
17035,corruption,10.764721750388007,2.1,3,-0.9
17035,crime,9.202396115446895,1.91,3,-1.09
17035,dark,14.808973703462932,2.6,4,-1.4
17035,dark comedy,23.42164884388906,3.66,4,-0.34
17035,drama,10.160269665650132,2.03,5,-2.97
17035,dreamlike,5.714897438843858,1.48,4,-2.52
17035,england,4.999045302551446,1.39,2,-0.61
17035,ensemble cast,10.42542111170788,2.06,2,0.06
17035,fantasy,15.527224854248395,2.69,3,-0.31
17035,gothic,4.514972871704084,1.33,3,-1.67
17035,great acting,11.854699449990369,2.24,2,0.24
17035,gritty,4.177727654793223,1.29,3,-1.71
17035,heartwarming,6.599014790625039,1.59,3,-1.41
17035,imdb top 250,7.046679715263876,1.65,5,-3.35
17035,jack nicholson,6.798090182281974,1.61,2,-0.39
17035,leonardo dicaprio,5.304371337727388,1.43,2,-0.57
17035,long,2.9330953783179616,1.14,4,-2.86
17035,mafia,11.394472491606122,2.18,3,-0.82
17035,martin scorsese,5.597935124192963,1.47,2,-0.53
17035,matt damon,6.33896311561957,1.56,2,-0.44
17035,mindfuck,8.281318759117957,1.8,3,-1.2
17035,murder,8.828361426930016,1.86,5,-3.14
17035,music,14.877832372706928,2.61,3,-0.39
17035,musical,14.328014114594298,2.54,3,-0.46
17035,mystery,14.973774219874633,2.62,4,-1.38
17035,neo-noir,10.606414997966409,2.08,3,-0.92
17035,organized crime,7.5467576288557625,1.71,3,-1.29
17035,original,3.4603472579077854,1.2,4,-2.8
17035,oscar (best picture),11.39802641821505,2.18,2,0.18
17035,psychological,11.42033677144318,2.18,3,-0.82
17035,psychological thriller,1.8032276925053428,1.0,3,-2.0
17035,psychology,18.691663329324577,3.08,4,-0.92
17035,quirky,23.197544543643676,3.63,3,0.63
17035,remake,9.87314274695837,1.99,2,-0.01
17035,surprise ending,2.798509698619987,1.12,3,-1.88
17035,surreal,19.663620259336614,3.2,3,0.2
17035,suspense,21.4482238951793,3.42,4,-0.58
17035,tense,14.421098203688631,2.55,3,-0.45
17035,thriller,29.40979185459912,4.4,4,0.4
17035,twist ending,25.910633122457654,3.97,3,0.97
17035,violence,11.141229019411902,2.15,5,-2.85
17035,witty,9.13584498485233,1.9,3,-1.1
107315,acting,1.2386749465175835,1.0,5,-4.0
107315,action,35.598617633355566,4.53,5,-0.47
107315,al pacino,4.579852370182703,1.34,5,-3.66
107315,animation,39.811611299511924,4.96,5,-0.04
107315,atmospheric,37.76776706704948,4.75,5,-0.25
107315,based on a book,34.247571093058255,4.39,5,-0.61
107315,black and white,14.177622450093272,2.33,5,-2.67
107315,boring,4.728245171182689,1.36,5,-3.64
107315,cinematography,16.712916896470606,2.59,5,-2.41
107315,classic,29.449159451191328,3.9,5,-1.1
107315,crime,7.868033692643853,1.68,5,-3.32
107315,cult classic,3.7598128999440905,1.26,5,-3.74
107315,cult film,7.834690613758128,1.68,5,-3.32
107315,dark,15.576539394071965,2.47,5,-2.53
107315,disney,24.648128591045523,3.4,5,-1.6
107315,drama,7.886839753796905,1.68,5,-3.32
107315,dystopia,25.803519797825686,3.52,5,-1.48
107315,epic,5.958880031037824,1.48,5,-3.52
107315,family,10.331406604517731,1.93,5,-3.07
107315,future,7.834252292929429,1.68,5,-3.32
107315,great acting,10.320090611118175,1.93,5,-3.07
107315,great soundtrack,10.795323179023466,1.98,5,-3.02
107315,imdb top 250,7.936861498684376,1.69,5,-3.31
107315,japan,5.389873290976331,1.43,5,-3.57
107315,mafia,8.365844154089501,1.73,5,-3.27
107315,masterpiece,2.230414847847105,1.1,5,-3.9
107315,melancholy,2.67203998865585,1.15,5,-3.85
107315,murder,8.128524737729583,1.71,5,-3.29
107315,music,12.32455099035067,2.14,5,-2.86
107315,musical,25.289512150817757,3.47,5,-1.53
107315,new york city,8.553134934610775,1.75,5,-3.25
107315,nudity (topless),12.232118553911928,2.13,5,-2.87
107315,organized crime,5.235992350855434,1.41,5,-3.59
107315,oscar (best picture),14.598805464495578,2.37,5,-2.63
107315,overrated,3.301277353975875,1.21,5,-3.79
107315,paris,4.754758660423746,1.36,5,-3.64
107315,religion,8.506043332248497,1.75,5,-3.25
107315,revenge,9.820979305525391,1.88,5,-3.12
107315,robert de niro,6.09074498458073,1.5,5,-3.5
107315,sci-fi,40.17491026561267,5.0,5,0.0
107315,science fiction,5.440097298801267,1.43,5,-3.57
107315,sentimental,2.241242840810346,1.1,5,-3.9
107315,social commentary,15.589629174047642,2.47,5,-2.53
107315,soundtrack,4.556742405205103,1.34,5,-3.66
107315,stylized,16.79954468467092,2.6,5,-2.4
107315,tense,11.03424118460937,2.01,5,-2.99
107315,too long,3.538049092209745,1.24,5,-3.76
107315,violence,8.090371585750448,1.7,5,-3.3
107315,war,10.404011726507663,1.94,5,-3.06
